epi_id,epi_isl,strain,subtype,host_type,sequence_length
SYNTH0000001,SYNTH_ISL_00000001,A/Synthetic_human/SYN/000001/2021,A_/_H5N1,human,759
SYNTH0000002,SYNTH_ISL_00000002,A/Synthetic_human/SYN/000002/2022,A_/_H5N1,human,759
SYNTH0000003,SYNTH_ISL_00000003,A/Synthetic_human/SYN/000003/2025,A_/_H5N1,human,759
SYNTH0000004,SYNTH_ISL_00000004,A/Synthetic_human/SYN/000004/2021,A_/_H5N1,human,343
SYNTH0000005,SYNTH_ISL_00000005,A/Synthetic_human/SYN/000005/2025,A_/_H5N1,human,759
SYNTH0000006,SYNTH_ISL_00000006,A/Synthetic_human/SYN/000006/2025,A_/_H5N1,human,759
SYNTH0000007,SYNTH_ISL_00000007,A/Synthetic_human/SYN/000007/2025,A_/_H5N1,human,759
SYNTH0000008,SYNTH_ISL_00000008,A/Synthetic_human/SYN/000008/2022,A_/_H5N1,human,759
SYNTH0000009,SYNTH_ISL_00000009,A/Synthetic_human/SYN/000009/2023,A_/_H5N1,human,759
SYNTH0000010,SYNTH_ISL_00000010,A/Synthetic_human/SYN/000010/2021,A_/_H5N1,human,759
SYNTH0000011,SYNTH_ISL_00000011,A/Synthetic_human/SYN/000011/2023,A_/_H5N1,human,759
SYNTH0000012,SYNTH_ISL_00000012,A/Synthetic_human/SYN/000012/2021,A_/_H5N1,human,759
SYNTH0000013,SYNTH_ISL_00000013,A/Synthetic_human/SYN/000013/2024,A_/_H5N1,human,759
SYNTH0000014,SYNTH_ISL_00000014,A/Synthetic_human/SYN/000014/2025,A_/_H5N1,human,759
SYNTH0000015,SYNTH_ISL_00000015,A/Synthetic_human/SYN/000015/2025,A_/_H5N1,human,759
SYNTH0000016,SYNTH_ISL_00000016,A/Synthetic_human/SYN/000016/2021,A_/_H5N1,human,759
SYNTH0000017,SYNTH_ISL_00000017,A/Synthetic_human/SYN/000017/2021,A_/_H5N1,human,759
SYNTH0000018,SYNTH_ISL_00000018,A/Synthetic_human/SYN/000018/2024,A_/_H5N1,human,759
SYNTH0000019,SYNTH_ISL_00000019,A/Synthetic_human/SYN/000019/2022,A_/_H5N1,human,759
SYNTH0000020,SYNTH_ISL_00000020,A/Synthetic_human/SYN/000020/2023,A_/_H5N1,human,759
SYNTH0000021,SYNTH_ISL_00000021,A/Synthetic_human/SYN/000021/2025,A_/_H5N1,human,759
SYNTH0000022,SYNTH_ISL_00000022,A/Synthetic_human/SYN/000022/2022,A_/_H5N1,human,759
SYNTH0000023,SYNTH_ISL_00000023,A/Synthetic_human/SYN/000023/2025,A_/_H5N1,human,759
SYNTH0000024,SYNTH_ISL_00000024,A/Synthetic_human/SYN/000024/2021,A_/_H5N1,human,759
SYNTH0000025,SYNTH_ISL_00000025,A/Synthetic_human/SYN/000025/2023,A_/_H5N1,human,759
SYNTH0000026,SYNTH_ISL_00000026,A/Synthetic_human/SYN/000026/2022,A_/_H5N1,human,759
SYNTH0000027,SYNTH_ISL_00000027,A/Synthetic_human/SYN/000027/2022,A_/_H5N1,human,759
SYNTH0000028,SYNTH_ISL_00000028,A/Synthetic_human/SYN/000028/2024,A_/_H5N1,human,759
SYNTH0000029,SYNTH_ISL_00000029,A/Synthetic_human/SYN/000029/2022,A_/_H5N1,human,759
SYNTH0000030,SYNTH_ISL_00000030,A/Synthetic_human/SYN/000030/2025,A_/_H5N1,human,759
SYNTH0000031,SYNTH_ISL_00000031,A/Synthetic_human/SYN/000031/2023,A_/_H5N1,human,759
SYNTH0000032,SYNTH_ISL_00000032,A/Synthetic_human/SYN/000032/2025,A_/_H5N1,human,759
SYNTH0000033,SYNTH_ISL_00000033,A/Synthetic_human/SYN/000033/2021,A_/_H5N1,human,759
SYNTH0000034,SYNTH_ISL_00000034,A/Synthetic_human/SYN/000034/2024,A_/_H5N1,human,759
SYNTH0000035,SYNTH_ISL_00000035,A/Synthetic_human/SYN/000035/2024,A_/_H5N1,human,759
SYNTH0000036,SYNTH_ISL_00000036,A/Synthetic_human/SYN/000036/2025,A_/_H5N1,human,759
SYNTH0000037,SYNTH_ISL_00000037,A/Synthetic_human/SYN/000037/2021,A_/_H5N1,human,759
SYNTH0000038,SYNTH_ISL_00000038,A/Synthetic_human/SYN/000038/2023,A_/_H5N1,human,759
SYNTH0000039,SYNTH_ISL_00000039,A/Synthetic_human/SYN/000039/2022,A_/_H5N1,human,759
SYNTH0000040,SYNTH_ISL_00000040,A/Synthetic_human/SYN/000040/2025,A_/_H5N1,human,759
SYNTH0000041,SYNTH_ISL_00000041,A/Synthetic_human/SYN/000041/2023,A_/_H5N1,human,759
SYNTH0000042,SYNTH_ISL_00000042,A/Synthetic_human/SYN/000042/2022,A_/_H5N1,human,759
SYNTH0000043,SYNTH_ISL_00000043,A/Synthetic_human/SYN/000043/2025,A_/_H5N1,human,759
SYNTH0000044,SYNTH_ISL_00000044,A/Synthetic_human/SYN/000044/2025,A_/_H5N1,human,759
SYNTH0000045,SYNTH_ISL_00000045,A/Synthetic_human/SYN/000045/2021,A_/_H5N1,human,759
SYNTH0000046,SYNTH_ISL_00000046,A/Synthetic_human/SYN/000046/2022,A_/_H5N1,human,759
SYNTH0000047,SYNTH_ISL_00000047,A/Synthetic_human/SYN/000047/2021,A_/_H5N1,human,759
SYNTH0000048,SYNTH_ISL_00000048,A/Synthetic_human/SYN/000048/2025,A_/_H5N1,human,759
SYNTH0000049,SYNTH_ISL_00000049,A/Synthetic_human/SYN/000049/2024,A_/_H5N1,human,759
SYNTH0000050,SYNTH_ISL_00000050,A/Synthetic_human/SYN/000050/2023,A_/_H5N1,human,759
SYNTH0000051,SYNTH_ISL_00000051,A/Synthetic_human/SYN/000051/2022,A_/_H5N1,human,759
SYNTH0000052,SYNTH_ISL_00000052,A/Synthetic_human/SYN/000052/2023,A_/_H5N1,human,759
SYNTH0000053,SYNTH_ISL_00000053,A/Synthetic_human/SYN/000053/2024,A_/_H5N1,human,759
SYNTH0000054,SYNTH_ISL_00000054,A/Synthetic_human/SYN/000054/2021,A_/_H5N1,human,759
SYNTH0000055,SYNTH_ISL_00000055,A/Synthetic_human/SYN/000055/2023,A_/_H5N1,human,687
SYNTH0000056,SYNTH_ISL_00000056,A/Synthetic_human/SYN/000056/2025,A_/_H5N1,human,759
SYNTH0000057,SYNTH_ISL_00000057,A/Synthetic_human/SYN/000057/2021,A_/_H5N1,human,759
SYNTH0000058,SYNTH_ISL_00000058,A/Synthetic_human/SYN/000058/2023,A_/_H5N1,human,759
SYNTH0000059,SYNTH_ISL_00000059,A/Synthetic_human/SYN/000059/2023,A_/_H5N1,human,759
SYNTH0000060,SYNTH_ISL_00000060,A/Synthetic_human/SYN/000060/2025,A_/_H5N1,human,759
SYNTH0000061,SYNTH_ISL_00000061,A/Synthetic_human/SYN/000061/2022,A_/_H5N1,human,759
SYNTH0000062,SYNTH_ISL_00000062,A/Synthetic_human/SYN/000062/2022,A_/_H5N1,human,759
SYNTH0000063,SYNTH_ISL_00000063,A/Synthetic_human/SYN/000063/2023,A_/_H5N1,human,759
SYNTH0000064,SYNTH_ISL_00000064,A/Synthetic_human/SYN/000064/2021,A_/_H5N1,human,759
SYNTH0000065,SYNTH_ISL_00000065,A/Synthetic_human/SYN/000065/2021,A_/_H5N1,human,759
SYNTH0000066,SYNTH_ISL_00000066,A/Synthetic_human/SYN/000066/2021,A_/_H5N1,human,759
SYNTH0000067,SYNTH_ISL_00000067,A/Synthetic_human/SYN/000067/2025,A_/_H5N1,human,759
SYNTH0000068,SYNTH_ISL_00000068,A/Synthetic_human/SYN/000068/2022,A_/_H5N1,human,759
SYNTH0000069,SYNTH_ISL_00000069,A/Synthetic_human/SYN/000069/2021,A_/_H5N1,human,759
SYNTH0000070,SYNTH_ISL_00000070,A/Synthetic_human/SYN/000070/2021,A_/_H5N1,human,759
SYNTH0000071,SYNTH_ISL_00000071,A/Synthetic_human/SYN/000071/2021,A_/_H5N1,human,759
SYNTH0000072,SYNTH_ISL_00000072,A/Synthetic_human/SYN/000072/2022,A_/_H5N1,human,759
SYNTH0000073,SYNTH_ISL_00000073,A/Synthetic_human/SYN/000073/2022,A_/_H5N1,human,759
SYNTH0000074,SYNTH_ISL_00000074,A/Synthetic_human/SYN/000074/2022,A_/_H5N1,human,759
SYNTH0000075,SYNTH_ISL_00000075,A/Synthetic_human/SYN/000075/2023,A_/_H5N1,human,759
SYNTH0000076,SYNTH_ISL_00000076,A/Synthetic_human/SYN/000076/2023,A_/_H5N1,human,759
SYNTH0000077,SYNTH_ISL_00000077,A/Synthetic_human/SYN/000077/2022,A_/_H5N1,human,759
SYNTH0000078,SYNTH_ISL_00000078,A/Synthetic_human/SYN/000078/2021,A_/_H5N1,human,759
SYNTH0000079,SYNTH_ISL_00000079,A/Synthetic_human/SYN/000079/2023,A_/_H5N1,human,759
SYNTH0000080,SYNTH_ISL_00000080,A/Synthetic_human/SYN/000080/2025,A_/_H5N1,human,759
SYNTH0000081,SYNTH_ISL_00000081,A/Synthetic_human/SYN/000081/2021,A_/_H5N1,human,759
SYNTH0000082,SYNTH_ISL_00000082,A/Synthetic_human/SYN/000082/2022,A_/_H5N1,human,759
SYNTH0000083,SYNTH_ISL_00000083,A/Synthetic_human/SYN/000083/2022,A_/_H5N1,human,759
SYNTH0000084,SYNTH_ISL_00000084,A/Synthetic_human/SYN/000084/2025,A_/_H5N1,human,759
SYNTH0000085,SYNTH_ISL_00000085,A/Synthetic_human/SYN/000085/2024,A_/_H5N1,human,759
SYNTH0000086,SYNTH_ISL_00000086,A/Synthetic_human/SYN/000086/2023,A_/_H5N1,human,759
SYNTH0000087,SYNTH_ISL_00000087,A/Synthetic_human/SYN/000087/2022,A_/_H5N1,human,759
SYNTH0000088,SYNTH_ISL_00000088,A/Synthetic_human/SYN/000088/2023,A_/_H5N1,human,759
SYNTH0000089,SYNTH_ISL_00000089,A/Synthetic_human/SYN/000089/2021,A_/_H5N1,human,759
SYNTH0000090,SYNTH_ISL_00000090,A/Synthetic_human/SYN/000090/2021,A_/_H5N1,human,759
SYNTH0000091,SYNTH_ISL_00000091,A/Synthetic_human/SYN/000091/2022,A_/_H5N1,human,759
SYNTH0000092,SYNTH_ISL_00000092,A/Synthetic_human/SYN/000092/2022,A_/_H5N1,human,759
SYNTH0000093,SYNTH_ISL_00000093,A/Synthetic_human/SYN/000093/2024,A_/_H5N1,human,759
SYNTH0000094,SYNTH_ISL_00000094,A/Synthetic_human/SYN/000094/2025,A_/_H5N1,human,759
SYNTH0000095,SYNTH_ISL_00000095,A/Synthetic_human/SYN/000095/2025,A_/_H5N1,human,759
SYNTH0000096,SYNTH_ISL_00000096,A/Synthetic_human/SYN/000096/2022,A_/_H5N1,human,759
SYNTH0000097,SYNTH_ISL_00000097,A/Synthetic_human/SYN/000097/2025,A_/_H5N1,human,759
SYNTH0000098,SYNTH_ISL_00000098,A/Synthetic_human/SYN/000098/2025,A_/_H5N1,human,759
SYNTH0000099,SYNTH_ISL_00000099,A/Synthetic_human/SYN/000099/2022,A_/_H5N1,human,759
SYNTH0000100,SYNTH_ISL_00000100,A/Synthetic_human/SYN/000100/2025,A_/_H5N1,human,759
SYNTH0000101,SYNTH_ISL_00000101,A/Synthetic_human/SYN/000101/2021,A_/_H5N1,human,759
SYNTH0000102,SYNTH_ISL_00000102,A/Synthetic_human/SYN/000102/2021,A_/_H5N1,human,253
SYNTH0000103,SYNTH_ISL_00000103,A/Synthetic_human/SYN/000103/2022,A_/_H5N1,human,759
SYNTH0000104,SYNTH_ISL_00000104,A/Synthetic_human/SYN/000104/2025,A_/_H5N1,human,197
SYNTH0000105,SYNTH_ISL_00000105,A/Synthetic_human/SYN/000105/2025,A_/_H5N1,human,759
SYNTH0000106,SYNTH_ISL_00000106,A/Synthetic_human/SYN/000106/2025,A_/_H5N1,human,759
SYNTH0000107,SYNTH_ISL_00000107,A/Synthetic_human/SYN/000107/2022,A_/_H5N1,human,759
SYNTH0000108,SYNTH_ISL_00000108,A/Synthetic_human/SYN/000108/2021,A_/_H5N1,human,759
SYNTH0000109,SYNTH_ISL_00000109,A/Synthetic_human/SYN/000109/2022,A_/_H5N1,human,759
SYNTH0000110,SYNTH_ISL_00000110,A/Synthetic_human/SYN/000110/2025,A_/_H5N1,human,759
SYNTH0000111,SYNTH_ISL_00000111,A/Synthetic_human/SYN/000111/2025,A_/_H5N1,human,759
SYNTH0000112,SYNTH_ISL_00000112,A/Synthetic_human/SYN/000112/2022,A_/_H5N1,human,759
SYNTH0000113,SYNTH_ISL_00000113,A/Synthetic_human/SYN/000113/2024,A_/_H5N1,human,460
SYNTH0000114,SYNTH_ISL_00000114,A/Synthetic_human/SYN/000114/2022,A_/_H5N1,human,759
SYNTH0000115,SYNTH_ISL_00000115,A/Synthetic_human/SYN/000115/2024,A_/_H5N1,human,759
SYNTH0000116,SYNTH_ISL_00000116,A/Synthetic_human/SYN/000116/2022,A_/_H5N1,human,759
SYNTH0000117,SYNTH_ISL_00000117,A/Synthetic_human/SYN/000117/2023,A_/_H5N1,human,759
SYNTH0000118,SYNTH_ISL_00000118,A/Synthetic_human/SYN/000118/2022,A_/_H5N1,human,317
SYNTH0000119,SYNTH_ISL_00000119,A/Synthetic_human/SYN/000119/2023,A_/_H5N1,human,759
SYNTH0000120,SYNTH_ISL_00000120,A/Synthetic_human/SYN/000120/2023,A_/_H5N1,human,759
SYNTH0000121,SYNTH_ISL_00000121,A/Synthetic_human/SYN/000121/2025,A_/_H5N1,human,759
SYNTH0000122,SYNTH_ISL_00000122,A/Synthetic_human/SYN/000122/2021,A_/_H5N1,human,759
SYNTH0000123,SYNTH_ISL_00000123,A/Synthetic_human/SYN/000123/2022,A_/_H5N1,human,759
SYNTH0000124,SYNTH_ISL_00000124,A/Synthetic_human/SYN/000124/2021,A_/_H5N1,human,759
SYNTH0000125,SYNTH_ISL_00000125,A/Synthetic_human/SYN/000125/2023,A_/_H5N1,human,759
SYNTH0000126,SYNTH_ISL_00000126,A/Synthetic_human/SYN/000126/2024,A_/_H5N1,human,759
SYNTH0000127,SYNTH_ISL_00000127,A/Synthetic_human/SYN/000127/2024,A_/_H5N1,human,759
SYNTH0000128,SYNTH_ISL_00000128,A/Synthetic_human/SYN/000128/2023,A_/_H5N1,human,759
SYNTH0000129,SYNTH_ISL_00000129,A/Synthetic_human/SYN/000129/2021,A_/_H5N1,human,759
SYNTH0000130,SYNTH_ISL_00000130,A/Synthetic_human/SYN/000130/2023,A_/_H5N1,human,759
SYNTH0000131,SYNTH_ISL_00000131,A/Synthetic_human/SYN/000131/2025,A_/_H5N1,human,759
SYNTH0000132,SYNTH_ISL_00000132,A/Synthetic_human/SYN/000132/2023,A_/_H5N1,human,759
SYNTH0000133,SYNTH_ISL_00000133,A/Synthetic_human/SYN/000133/2023,A_/_H5N1,human,759
SYNTH0000134,SYNTH_ISL_00000134,A/Synthetic_human/SYN/000134/2025,A_/_H5N1,human,759
SYNTH0000135,SYNTH_ISL_00000135,A/Synthetic_human/SYN/000135/2024,A_/_H5N1,human,759
SYNTH0000136,SYNTH_ISL_00000136,A/Synthetic_human/SYN/000136/2025,A_/_H5N1,human,759
SYNTH0000137,SYNTH_ISL_00000137,A/Synthetic_human/SYN/000137/2025,A_/_H5N1,human,759
SYNTH0000138,SYNTH_ISL_00000138,A/Synthetic_human/SYN/000138/2023,A_/_H5N1,human,759
SYNTH0000139,SYNTH_ISL_00000139,A/Synthetic_human/SYN/000139/2024,A_/_H5N1,human,759
SYNTH0000140,SYNTH_ISL_00000140,A/Synthetic_human/SYN/000140/2025,A_/_H5N1,human,759
SYNTH0000141,SYNTH_ISL_00000141,A/Synthetic_human/SYN/000141/2021,A_/_H5N1,human,759
SYNTH0000142,SYNTH_ISL_00000142,A/Synthetic_human/SYN/000142/2021,A_/_H5N1,human,759
SYNTH0000143,SYNTH_ISL_00000143,A/Synthetic_human/SYN/000143/2023,A_/_H5N1,human,759
SYNTH0000144,SYNTH_ISL_00000144,A/Synthetic_human/SYN/000144/2022,A_/_H5N1,human,370
SYNTH0000145,SYNTH_ISL_00000145,A/Synthetic_human/SYN/000145/2025,A_/_H5N1,human,759
SYNTH0000146,SYNTH_ISL_00000146,A/Synthetic_human/SYN/000146/2024,A_/_H5N1,human,759
SYNTH0000147,SYNTH_ISL_00000147,A/Synthetic_human/SYN/000147/2024,A_/_H5N1,human,759
SYNTH0000148,SYNTH_ISL_00000148,A/Synthetic_human/SYN/000148/2022,A_/_H5N1,human,759
SYNTH0000149,SYNTH_ISL_00000149,A/Synthetic_human/SYN/000149/2021,A_/_H5N1,human,759
SYNTH0000150,SYNTH_ISL_00000150,A/Synthetic_human/SYN/000150/2022,A_/_H5N1,human,759
SYNTH0000151,SYNTH_ISL_00000151,A/Synthetic_human/SYN/000151/2021,A_/_H5N1,human,759
SYNTH0000152,SYNTH_ISL_00000152,A/Synthetic_human/SYN/000152/2024,A_/_H5N1,human,759
SYNTH0000153,SYNTH_ISL_00000153,A/Synthetic_human/SYN/000153/2025,A_/_H5N1,human,759
SYNTH0000154,SYNTH_ISL_00000154,A/Synthetic_human/SYN/000154/2024,A_/_H5N1,human,759
SYNTH0000155,SYNTH_ISL_00000155,A/Synthetic_human/SYN/000155/2025,A_/_H5N1,human,759
SYNTH0000156,SYNTH_ISL_00000156,A/Synthetic_human/SYN/000156/2024,A_/_H5N1,human,759
SYNTH0000157,SYNTH_ISL_00000157,A/Synthetic_human/SYN/000157/2023,A_/_H5N1,human,759
SYNTH0000158,SYNTH_ISL_00000158,A/Synthetic_human/SYN/000158/2022,A_/_H5N1,human,759
SYNTH0000159,SYNTH_ISL_00000159,A/Synthetic_human/SYN/000159/2023,A_/_H5N1,human,759
SYNTH0000160,SYNTH_ISL_00000160,A/Synthetic_human/SYN/000160/2023,A_/_H5N1,human,759
SYNTH0000161,SYNTH_ISL_00000161,A/Synthetic_human/SYN/000161/2022,A_/_H5N1,human,759
SYNTH0000162,SYNTH_ISL_00000162,A/Synthetic_human/SYN/000162/2022,A_/_H5N1,human,759
SYNTH0000163,SYNTH_ISL_00000163,A/Synthetic_human/SYN/000163/2024,A_/_H5N1,human,759
SYNTH0000164,SYNTH_ISL_00000164,A/Synthetic_human/SYN/000164/2024,A_/_H5N1,human,759
SYNTH0000165,SYNTH_ISL_00000165,A/Synthetic_human/SYN/000165/2024,A_/_H5N1,human,759
SYNTH0000166,SYNTH_ISL_00000166,A/Synthetic_human/SYN/000166/2025,A_/_H5N1,human,759
SYNTH0000167,SYNTH_ISL_00000167,A/Synthetic_human/SYN/000167/2023,A_/_H5N1,human,759
SYNTH0000168,SYNTH_ISL_00000168,A/Synthetic_human/SYN/000168/2024,A_/_H5N1,human,759
SYNTH0000169,SYNTH_ISL_00000169,A/Synthetic_human/SYN/000169/2024,A_/_H5N1,human,759
SYNTH0000170,SYNTH_ISL_00000170,A/Synthetic_human/SYN/000170/2024,A_/_H5N1,human,464
SYNTH0000171,SYNTH_ISL_00000171,A/Synthetic_human/SYN/000171/2022,A_/_H5N1,human,759
SYNTH0000172,SYNTH_ISL_00000172,A/Synthetic_human/SYN/000172/2025,A_/_H5N1,human,759
SYNTH0000173,SYNTH_ISL_00000173,A/Synthetic_human/SYN/000173/2025,A_/_H5N1,human,759
SYNTH0000174,SYNTH_ISL_00000174,A/Synthetic_human/SYN/000174/2021,A_/_H5N1,human,759
SYNTH0000175,SYNTH_ISL_00000175,A/Synthetic_human/SYN/000175/2024,A_/_H5N1,human,759
SYNTH0000176,SYNTH_ISL_00000176,A/Synthetic_human/SYN/000176/2024,A_/_H5N1,human,759
SYNTH0000177,SYNTH_ISL_00000177,A/Synthetic_human/SYN/000177/2023,A_/_H5N1,human,759
SYNTH0000178,SYNTH_ISL_00000178,A/Synthetic_human/SYN/000178/2023,A_/_H5N1,human,759
SYNTH0000179,SYNTH_ISL_00000179,A/Synthetic_human/SYN/000179/2023,A_/_H5N1,human,759
SYNTH0000180,SYNTH_ISL_00000180,A/Synthetic_human/SYN/000180/2021,A_/_H5N1,human,759
SYNTH0000181,SYNTH_ISL_00000181,A/Synthetic_human/SYN/000181/2023,A_/_H5N1,human,759
SYNTH0000182,SYNTH_ISL_00000182,A/Synthetic_human/SYN/000182/2021,A_/_H5N1,human,759
SYNTH0000183,SYNTH_ISL_00000183,A/Synthetic_human/SYN/000183/2022,A_/_H5N1,human,759
SYNTH0000184,SYNTH_ISL_00000184,A/Synthetic_human/SYN/000184/2022,A_/_H5N1,human,759
SYNTH0000185,SYNTH_ISL_00000185,A/Synthetic_human/SYN/000185/2025,A_/_H5N1,human,759
SYNTH0000186,SYNTH_ISL_00000186,A/Synthetic_human/SYN/000186/2023,A_/_H5N1,human,759
SYNTH0000187,SYNTH_ISL_00000187,A/Synthetic_human/SYN/000187/2025,A_/_H5N1,human,759
SYNTH0000188,SYNTH_ISL_00000188,A/Synthetic_human/SYN/000188/2022,A_/_H5N1,human,759
SYNTH0000189,SYNTH_ISL_00000189,A/Synthetic_human/SYN/000189/2025,A_/_H5N1,human,439
SYNTH0000190,SYNTH_ISL_00000190,A/Synthetic_human/SYN/000190/2024,A_/_H5N1,human,759
SYNTH0000191,SYNTH_ISL_00000191,A/Synthetic_human/SYN/000191/2021,A_/_H5N1,human,759
SYNTH0000192,SYNTH_ISL_00000192,A/Synthetic_human/SYN/000192/2021,A_/_H5N1,human,759
SYNTH0000193,SYNTH_ISL_00000193,A/Synthetic_human/SYN/000193/2025,A_/_H5N1,human,759
SYNTH0000194,SYNTH_ISL_00000194,A/Synthetic_human/SYN/000194/2023,A_/_H5N1,human,759
SYNTH0000195,SYNTH_ISL_00000195,A/Synthetic_human/SYN/000195/2021,A_/_H5N1,human,759
SYNTH0000196,SYNTH_ISL_00000196,A/Synthetic_human/SYN/000196/2021,A_/_H5N1,human,759
SYNTH0000197,SYNTH_ISL_00000197,A/Synthetic_human/SYN/000197/2021,A_/_H5N1,human,759
SYNTH0000198,SYNTH_ISL_00000198,A/Synthetic_human/SYN/000198/2024,A_/_H5N1,human,759
SYNTH0000199,SYNTH_ISL_00000199,A/Synthetic_human/SYN/000199/2022,A_/_H5N1,human,759
SYNTH0000200,SYNTH_ISL_00000200,A/Synthetic_human/SYN/000200/2025,A_/_H5N1,human,759
SYNTH0000201,SYNTH_ISL_00000201,A/Synthetic_human/SYN/000201/2024,A_/_H5N1,human,759
SYNTH0000202,SYNTH_ISL_00000202,A/Synthetic_human/SYN/000202/2023,A_/_H5N1,human,759
SYNTH0000203,SYNTH_ISL_00000203,A/Synthetic_human/SYN/000203/2023,A_/_H5N1,human,759
SYNTH0000204,SYNTH_ISL_00000204,A/Synthetic_human/SYN/000204/2024,A_/_H5N1,human,759
SYNTH0000205,SYNTH_ISL_00000205,A/Synthetic_human/SYN/000205/2023,A_/_H5N1,human,452
SYNTH0000206,SYNTH_ISL_00000206,A/Synthetic_human/SYN/000206/2024,A_/_H5N1,human,759
SYNTH0000207,SYNTH_ISL_00000207,A/Synthetic_human/SYN/000207/2023,A_/_H5N1,human,759
SYNTH0000208,SYNTH_ISL_00000208,A/Synthetic_human/SYN/000208/2025,A_/_H5N1,human,315
SYNTH0000209,SYNTH_ISL_00000209,A/Synthetic_human/SYN/000209/2022,A_/_H5N1,human,759
SYNTH0000210,SYNTH_ISL_00000210,A/Synthetic_human/SYN/000210/2025,A_/_H5N1,human,759
SYNTH0000211,SYNTH_ISL_00000211,A/Synthetic_human/SYN/000211/2024,A_/_H5N1,human,759
SYNTH0000212,SYNTH_ISL_00000212,A/Synthetic_human/SYN/000212/2021,A_/_H5N1,human,759
SYNTH0000213,SYNTH_ISL_00000213,A/Synthetic_human/SYN/000213/2022,A_/_H5N1,human,759
SYNTH0000214,SYNTH_ISL_00000214,A/Synthetic_human/SYN/000214/2024,A_/_H5N1,human,759
SYNTH0000215,SYNTH_ISL_00000215,A/Synthetic_human/SYN/000215/2024,A_/_H5N1,human,759
SYNTH0000216,SYNTH_ISL_00000216,A/Synthetic_human/SYN/000216/2023,A_/_H5N1,human,759
SYNTH0000217,SYNTH_ISL_00000217,A/Synthetic_human/SYN/000217/2023,A_/_H5N1,human,759
SYNTH0000218,SYNTH_ISL_00000218,A/Synthetic_human/SYN/000218/2022,A_/_H5N1,human,759
SYNTH0000219,SYNTH_ISL_00000219,A/Synthetic_human/SYN/000219/2022,A_/_H5N1,human,759
SYNTH0000220,SYNTH_ISL_00000220,A/Synthetic_human/SYN/000220/2023,A_/_H5N1,human,759
SYNTH0000221,SYNTH_ISL_00000221,A/Synthetic_human/SYN/000221/2021,A_/_H5N1,human,759
SYNTH0000222,SYNTH_ISL_00000222,A/Synthetic_human/SYN/000222/2022,A_/_H5N1,human,759
SYNTH0000223,SYNTH_ISL_00000223,A/Synthetic_human/SYN/000223/2021,A_/_H5N1,human,759
SYNTH0000224,SYNTH_ISL_00000224,A/Synthetic_human/SYN/000224/2023,A_/_H5N1,human,759
SYNTH0000225,SYNTH_ISL_00000225,A/Synthetic_human/SYN/000225/2025,A_/_H5N1,human,759
SYNTH0000226,SYNTH_ISL_00000226,A/Synthetic_human/SYN/000226/2024,A_/_H5N1,human,759
SYNTH0000227,SYNTH_ISL_00000227,A/Synthetic_human/SYN/000227/2025,A_/_H5N1,human,759
SYNTH0000228,SYNTH_ISL_00000228,A/Synthetic_human/SYN/000228/2024,A_/_H5N1,human,759
SYNTH0000229,SYNTH_ISL_00000229,A/Synthetic_human/SYN/000229/2023,A_/_H5N1,human,759
SYNTH0000230,SYNTH_ISL_00000230,A/Synthetic_human/SYN/000230/2021,A_/_H5N1,human,759
SYNTH0000231,SYNTH_ISL_00000231,A/Synthetic_human/SYN/000231/2024,A_/_H5N1,human,759
SYNTH0000232,SYNTH_ISL_00000232,A/Synthetic_human/SYN/000232/2022,A_/_H5N1,human,759
SYNTH0000233,SYNTH_ISL_00000233,A/Synthetic_human/SYN/000233/2021,A_/_H5N1,human,759
SYNTH0000234,SYNTH_ISL_00000234,A/Synthetic_human/SYN/000234/2025,A_/_H5N1,human,759
SYNTH0000235,SYNTH_ISL_00000235,A/Synthetic_human/SYN/000235/2025,A_/_H5N1,human,759
SYNTH0000236,SYNTH_ISL_00000236,A/Synthetic_human/SYN/000236/2023,A_/_H5N1,human,759
SYNTH0000237,SYNTH_ISL_00000237,A/Synthetic_human/SYN/000237/2023,A_/_H5N1,human,759
SYNTH0000238,SYNTH_ISL_00000238,A/Synthetic_human/SYN/000238/2025,A_/_H5N1,human,759
SYNTH0000239,SYNTH_ISL_00000239,A/Synthetic_human/SYN/000239/2022,A_/_H5N1,human,759
SYNTH0000240,SYNTH_ISL_00000240,A/Synthetic_human/SYN/000240/2021,A_/_H5N1,human,759
SYNTH0000241,SYNTH_ISL_00000241,A/Synthetic_human/SYN/000241/2025,A_/_H5N1,human,759
SYNTH0000242,SYNTH_ISL_00000242,A/Synthetic_human/SYN/000242/2024,A_/_H5N1,human,759
SYNTH0000243,SYNTH_ISL_00000243,A/Synthetic_human/SYN/000243/2023,A_/_H5N1,human,759
SYNTH0000244,SYNTH_ISL_00000244,A/Synthetic_human/SYN/000244/2023,A_/_H5N1,human,759
SYNTH0000245,SYNTH_ISL_00000245,A/Synthetic_human/SYN/000245/2021,A_/_H5N1,human,759
SYNTH0000246,SYNTH_ISL_00000246,A/Synthetic_human/SYN/000246/2025,A_/_H5N1,human,759
SYNTH0000247,SYNTH_ISL_00000247,A/Synthetic_human/SYN/000247/2024,A_/_H5N1,human,759
SYNTH0000248,SYNTH_ISL_00000248,A/Synthetic_human/SYN/000248/2022,A_/_H5N1,human,759
SYNTH0000249,SYNTH_ISL_00000249,A/Synthetic_human/SYN/000249/2021,A_/_H5N1,human,759
SYNTH0000250,SYNTH_ISL_00000250,A/Synthetic_human/SYN/000250/2025,A_/_H5N1,human,759
SYNTH0000251,SYNTH_ISL_00000251,A/Synthetic_human/SYN/000251/2024,A_/_H5N1,human,759
SYNTH0000252,SYNTH_ISL_00000252,A/Synthetic_human/SYN/000252/2024,A_/_H5N1,human,759
SYNTH0000253,SYNTH_ISL_00000253,A/Synthetic_human/SYN/000253/2024,A_/_H5N1,human,759
SYNTH0000254,SYNTH_ISL_00000254,A/Synthetic_human/SYN/000254/2024,A_/_H5N1,human,759
SYNTH0000255,SYNTH_ISL_00000255,A/Synthetic_human/SYN/000255/2021,A_/_H5N1,human,759
SYNTH0000256,SYNTH_ISL_00000256,A/Synthetic_human/SYN/000256/2023,A_/_H5N1,human,759
SYNTH0000257,SYNTH_ISL_00000257,A/Synthetic_human/SYN/000257/2024,A_/_H5N1,human,759
SYNTH0000258,SYNTH_ISL_00000258,A/Synthetic_human/SYN/000258/2023,A_/_H5N1,human,759
SYNTH0000259,SYNTH_ISL_00000259,A/Synthetic_human/SYN/000259/2024,A_/_H5N1,human,759
SYNTH0000260,SYNTH_ISL_00000260,A/Synthetic_human/SYN/000260/2023,A_/_H5N1,human,759
SYNTH0000261,SYNTH_ISL_00000261,A/Synthetic_human/SYN/000261/2021,A_/_H5N1,human,759
SYNTH0000262,SYNTH_ISL_00000262,A/Synthetic_human/SYN/000262/2024,A_/_H5N1,human,759
SYNTH0000263,SYNTH_ISL_00000263,A/Synthetic_human/SYN/000263/2024,A_/_H5N1,human,759
SYNTH0000264,SYNTH_ISL_00000264,A/Synthetic_human/SYN/000264/2024,A_/_H5N1,human,759
SYNTH0000265,SYNTH_ISL_00000265,A/Synthetic_human/SYN/000265/2023,A_/_H5N1,human,759
SYNTH0000266,SYNTH_ISL_00000266,A/Synthetic_human/SYN/000266/2025,A_/_H5N1,human,759
SYNTH0000267,SYNTH_ISL_00000267,A/Synthetic_human/SYN/000267/2025,A_/_H5N1,human,759
SYNTH0000268,SYNTH_ISL_00000268,A/Synthetic_human/SYN/000268/2022,A_/_H5N1,human,759
SYNTH0000269,SYNTH_ISL_00000269,A/Synthetic_human/SYN/000269/2024,A_/_H5N1,human,759
SYNTH0000270,SYNTH_ISL_00000270,A/Synthetic_human/SYN/000270/2023,A_/_H5N1,human,759
SYNTH0000271,SYNTH_ISL_00000271,A/Synthetic_human/SYN/000271/2024,A_/_H5N1,human,759
SYNTH0000272,SYNTH_ISL_00000272,A/Synthetic_human/SYN/000272/2021,A_/_H5N1,human,743
SYNTH0000273,SYNTH_ISL_00000273,A/Synthetic_human/SYN/000273/2022,A_/_H5N1,human,759
SYNTH0000274,SYNTH_ISL_00000274,A/Synthetic_human/SYN/000274/2025,A_/_H5N1,human,759
SYNTH0000275,SYNTH_ISL_00000275,A/Synthetic_human/SYN/000275/2021,A_/_H5N1,human,759
SYNTH0000276,SYNTH_ISL_00000276,A/Synthetic_human/SYN/000276/2022,A_/_H5N1,human,759
SYNTH0000277,SYNTH_ISL_00000277,A/Synthetic_human/SYN/000277/2025,A_/_H5N1,human,759
SYNTH0000278,SYNTH_ISL_00000278,A/Synthetic_human/SYN/000278/2024,A_/_H5N1,human,759
SYNTH0000279,SYNTH_ISL_00000279,A/Synthetic_human/SYN/000279/2024,A_/_H5N1,human,759
SYNTH0000280,SYNTH_ISL_00000280,A/Synthetic_human/SYN/000280/2022,A_/_H5N1,human,759
SYNTH0000281,SYNTH_ISL_00000281,A/Synthetic_human/SYN/000281/2021,A_/_H5N1,human,759
SYNTH0000282,SYNTH_ISL_00000282,A/Synthetic_human/SYN/000282/2023,A_/_H5N1,human,759
SYNTH0000283,SYNTH_ISL_00000283,A/Synthetic_human/SYN/000283/2021,A_/_H5N1,human,759
SYNTH0000284,SYNTH_ISL_00000284,A/Synthetic_human/SYN/000284/2025,A_/_H5N1,human,759
SYNTH0000285,SYNTH_ISL_00000285,A/Synthetic_human/SYN/000285/2022,A_/_H5N1,human,759
SYNTH0000286,SYNTH_ISL_00000286,A/Synthetic_human/SYN/000286/2023,A_/_H5N1,human,759
SYNTH0000287,SYNTH_ISL_00000287,A/Synthetic_human/SYN/000287/2024,A_/_H5N1,human,759
SYNTH0000288,SYNTH_ISL_00000288,A/Synthetic_human/SYN/000288/2022,A_/_H5N1,human,759
SYNTH0000289,SYNTH_ISL_00000289,A/Synthetic_human/SYN/000289/2024,A_/_H5N1,human,759
SYNTH0000290,SYNTH_ISL_00000290,A/Synthetic_human/SYN/000290/2024,A_/_H5N1,human,759
SYNTH0000291,SYNTH_ISL_00000291,A/Synthetic_human/SYN/000291/2024,A_/_H5N1,human,759
SYNTH0000292,SYNTH_ISL_00000292,A/Synthetic_human/SYN/000292/2025,A_/_H5N1,human,759
SYNTH0000293,SYNTH_ISL_00000293,A/Synthetic_human/SYN/000293/2021,A_/_H5N1,human,759
SYNTH0000294,SYNTH_ISL_00000294,A/Synthetic_human/SYN/000294/2021,A_/_H5N1,human,759
SYNTH0000295,SYNTH_ISL_00000295,A/Synthetic_human/SYN/000295/2021,A_/_H5N1,human,759
SYNTH0000296,SYNTH_ISL_00000296,A/Synthetic_human/SYN/000296/2022,A_/_H5N1,human,759
SYNTH0000297,SYNTH_ISL_00000297,A/Synthetic_human/SYN/000297/2023,A_/_H5N1,human,759
SYNTH0000298,SYNTH_ISL_00000298,A/Synthetic_human/SYN/000298/2021,A_/_H5N1,human,759
SYNTH0000299,SYNTH_ISL_00000299,A/Synthetic_human/SYN/000299/2023,A_/_H5N1,human,759
SYNTH0000300,SYNTH_ISL_00000300,A/Synthetic_human/SYN/000300/2025,A_/_H5N1,human,759
SYNTH0000301,SYNTH_ISL_00000301,A/Synthetic_human/SYN/000301/2022,A_/_H5N1,human,759
SYNTH0000302,SYNTH_ISL_00000302,A/Synthetic_human/SYN/000302/2022,A_/_H5N1,human,759
SYNTH0000303,SYNTH_ISL_00000303,A/Synthetic_human/SYN/000303/2021,A_/_H5N1,human,759
SYNTH0000304,SYNTH_ISL_00000304,A/Synthetic_human/SYN/000304/2024,A_/_H5N1,human,759
SYNTH0000305,SYNTH_ISL_00000305,A/Synthetic_human/SYN/000305/2021,A_/_H5N1,human,759
SYNTH0000306,SYNTH_ISL_00000306,A/Synthetic_human/SYN/000306/2023,A_/_H5N1,human,759
SYNTH0000307,SYNTH_ISL_00000307,A/Synthetic_human/SYN/000307/2022,A_/_H5N1,human,759
SYNTH0000308,SYNTH_ISL_00000308,A/Synthetic_human/SYN/000308/2025,A_/_H5N1,human,759
SYNTH0000309,SYNTH_ISL_00000309,A/Synthetic_human/SYN/000309/2022,A_/_H5N1,human,759
SYNTH0000310,SYNTH_ISL_00000310,A/Synthetic_human/SYN/000310/2025,A_/_H5N1,human,759
SYNTH0000311,SYNTH_ISL_00000311,A/Synthetic_human/SYN/000311/2025,A_/_H5N1,human,759
SYNTH0000312,SYNTH_ISL_00000312,A/Synthetic_human/SYN/000312/2023,A_/_H5N1,human,759
SYNTH0000313,SYNTH_ISL_00000313,A/Synthetic_human/SYN/000313/2024,A_/_H5N1,human,759
SYNTH0000314,SYNTH_ISL_00000314,A/Synthetic_human/SYN/000314/2021,A_/_H5N1,human,759
SYNTH0000315,SYNTH_ISL_00000315,A/Synthetic_human/SYN/000315/2025,A_/_H5N1,human,759
SYNTH0000316,SYNTH_ISL_00000316,A/Synthetic_human/SYN/000316/2023,A_/_H5N1,human,759
SYNTH0000317,SYNTH_ISL_00000317,A/Synthetic_human/SYN/000317/2022,A_/_H5N1,human,759
SYNTH0000318,SYNTH_ISL_00000318,A/Synthetic_human/SYN/000318/2021,A_/_H5N1,human,759
SYNTH0000319,SYNTH_ISL_00000319,A/Synthetic_human/SYN/000319/2025,A_/_H5N1,human,759
SYNTH0000320,SYNTH_ISL_00000320,A/Synthetic_human/SYN/000320/2021,A_/_H5N1,human,759
SYNTH0000321,SYNTH_ISL_00000321,A/Synthetic_human/SYN/000321/2023,A_/_H5N1,human,170
SYNTH0000322,SYNTH_ISL_00000322,A/Synthetic_human/SYN/000322/2023,A_/_H5N1,human,759
SYNTH0000323,SYNTH_ISL_00000323,A/Synthetic_human/SYN/000323/2025,A_/_H5N1,human,759
SYNTH0000324,SYNTH_ISL_00000324,A/Synthetic_human/SYN/000324/2022,A_/_H5N1,human,759
SYNTH0000325,SYNTH_ISL_00000325,A/Synthetic_human/SYN/000325/2021,A_/_H5N1,human,759
SYNTH0000326,SYNTH_ISL_00000326,A/Synthetic_human/SYN/000326/2023,A_/_H5N1,human,759
SYNTH0000327,SYNTH_ISL_00000327,A/Synthetic_human/SYN/000327/2025,A_/_H5N1,human,759
SYNTH0000328,SYNTH_ISL_00000328,A/Synthetic_human/SYN/000328/2021,A_/_H5N1,human,759
SYNTH0000329,SYNTH_ISL_00000329,A/Synthetic_human/SYN/000329/2024,A_/_H5N1,human,759
SYNTH0000330,SYNTH_ISL_00000330,A/Synthetic_human/SYN/000330/2025,A_/_H5N1,human,759
SYNTH0000331,SYNTH_ISL_00000331,A/Synthetic_human/SYN/000331/2025,A_/_H5N1,human,759
SYNTH0000332,SYNTH_ISL_00000332,A/Synthetic_human/SYN/000332/2022,A_/_H5N1,human,759
SYNTH0000333,SYNTH_ISL_00000333,A/Synthetic_human/SYN/000333/2023,A_/_H5N1,human,759
SYNTH0000334,SYNTH_ISL_00000334,A/Synthetic_human/SYN/000334/2021,A_/_H5N1,human,759
SYNTH0000335,SYNTH_ISL_00000335,A/Synthetic_human/SYN/000335/2022,A_/_H5N1,human,759
SYNTH0000336,SYNTH_ISL_00000336,A/Synthetic_human/SYN/000336/2024,A_/_H5N1,human,759
SYNTH0000337,SYNTH_ISL_00000337,A/Synthetic_human/SYN/000337/2021,A_/_H5N1,human,759
SYNTH0000338,SYNTH_ISL_00000338,A/Synthetic_human/SYN/000338/2023,A_/_H5N1,human,759
SYNTH0000339,SYNTH_ISL_00000339,A/Synthetic_human/SYN/000339/2023,A_/_H5N1,human,759
SYNTH0000340,SYNTH_ISL_00000340,A/Synthetic_human/SYN/000340/2025,A_/_H5N1,human,759
SYNTH0000341,SYNTH_ISL_00000341,A/Synthetic_human/SYN/000341/2021,A_/_H5N1,human,759
SYNTH0000342,SYNTH_ISL_00000342,A/Synthetic_human/SYN/000342/2021,A_/_H5N1,human,759
SYNTH0000343,SYNTH_ISL_00000343,A/Synthetic_human/SYN/000343/2025,A_/_H5N1,human,759
SYNTH0000344,SYNTH_ISL_00000344,A/Synthetic_human/SYN/000344/2024,A_/_H5N1,human,759
SYNTH0000345,SYNTH_ISL_00000345,A/Synthetic_human/SYN/000345/2024,A_/_H5N1,human,759
SYNTH0000346,SYNTH_ISL_00000346,A/Synthetic_human/SYN/000346/2021,A_/_H5N1,human,759
SYNTH0000347,SYNTH_ISL_00000347,A/Synthetic_human/SYN/000347/2021,A_/_H5N1,human,759
SYNTH0000348,SYNTH_ISL_00000348,A/Synthetic_human/SYN/000348/2024,A_/_H5N1,human,759
SYNTH0000349,SYNTH_ISL_00000349,A/Synthetic_human/SYN/000349/2025,A_/_H5N1,human,759
SYNTH0000350,SYNTH_ISL_00000350,A/Synthetic_human/SYN/000350/2024,A_/_H5N1,human,759
SYNTH0000351,SYNTH_ISL_00000351,A/Synthetic_human/SYN/000351/2025,A_/_H5N1,human,759
SYNTH0000352,SYNTH_ISL_00000352,A/Synthetic_human/SYN/000352/2021,A_/_H5N1,human,759
SYNTH0000353,SYNTH_ISL_00000353,A/Synthetic_human/SYN/000353/2024,A_/_H5N1,human,759
SYNTH0000354,SYNTH_ISL_00000354,A/Synthetic_human/SYN/000354/2023,A_/_H5N1,human,759
SYNTH0000355,SYNTH_ISL_00000355,A/Synthetic_human/SYN/000355/2025,A_/_H5N1,human,759
SYNTH0000356,SYNTH_ISL_00000356,A/Synthetic_human/SYN/000356/2021,A_/_H5N1,human,759
SYNTH0000357,SYNTH_ISL_00000357,A/Synthetic_human/SYN/000357/2021,A_/_H5N1,human,759
SYNTH0000358,SYNTH_ISL_00000358,A/Synthetic_human/SYN/000358/2021,A_/_H5N1,human,759
SYNTH0000359,SYNTH_ISL_00000359,A/Synthetic_human/SYN/000359/2021,A_/_H5N1,human,759
SYNTH0000360,SYNTH_ISL_00000360,A/Synthetic_human/SYN/000360/2022,A_/_H5N1,human,759
SYNTH0000361,SYNTH_ISL_00000361,A/Synthetic_human/SYN/000361/2021,A_/_H5N1,human,759
SYNTH0000362,SYNTH_ISL_00000362,A/Synthetic_human/SYN/000362/2025,A_/_H5N1,human,759
SYNTH0000363,SYNTH_ISL_00000363,A/Synthetic_human/SYN/000363/2023,A_/_H5N1,human,759
SYNTH0000364,SYNTH_ISL_00000364,A/Synthetic_human/SYN/000364/2023,A_/_H5N1,human,759
SYNTH0000365,SYNTH_ISL_00000365,A/Synthetic_human/SYN/000365/2022,A_/_H5N1,human,759
SYNTH0000366,SYNTH_ISL_00000366,A/Synthetic_human/SYN/000366/2021,A_/_H5N1,human,759
SYNTH0000367,SYNTH_ISL_00000367,A/Synthetic_human/SYN/000367/2022,A_/_H5N1,human,363
SYNTH0000368,SYNTH_ISL_00000368,A/Synthetic_human/SYN/000368/2021,A_/_H5N1,human,759
SYNTH0000369,SYNTH_ISL_00000369,A/Synthetic_human/SYN/000369/2022,A_/_H5N1,human,759
SYNTH0000370,SYNTH_ISL_00000370,A/Synthetic_human/SYN/000370/2021,A_/_H5N1,human,759
SYNTH0000371,SYNTH_ISL_00000371,A/Synthetic_human/SYN/000371/2025,A_/_H5N1,human,759
SYNTH0000372,SYNTH_ISL_00000372,A/Synthetic_human/SYN/000372/2025,A_/_H5N1,human,759
SYNTH0000373,SYNTH_ISL_00000373,A/Synthetic_human/SYN/000373/2025,A_/_H5N1,human,759
SYNTH0000374,SYNTH_ISL_00000374,A/Synthetic_human/SYN/000374/2021,A_/_H5N1,human,759
SYNTH0000375,SYNTH_ISL_00000375,A/Synthetic_human/SYN/000375/2024,A_/_H5N1,human,759
SYNTH0000376,SYNTH_ISL_00000376,A/Synthetic_human/SYN/000376/2024,A_/_H5N1,human,759
SYNTH0000377,SYNTH_ISL_00000377,A/Synthetic_human/SYN/000377/2023,A_/_H5N1,human,759
SYNTH0000378,SYNTH_ISL_00000378,A/Synthetic_human/SYN/000378/2022,A_/_H5N1,human,759
SYNTH0000379,SYNTH_ISL_00000379,A/Synthetic_human/SYN/000379/2024,A_/_H5N1,human,759
SYNTH0000380,SYNTH_ISL_00000380,A/Synthetic_human/SYN/000380/2024,A_/_H5N1,human,759
SYNTH0000381,SYNTH_ISL_00000381,A/Synthetic_human/SYN/000381/2021,A_/_H5N1,human,759
SYNTH0000382,SYNTH_ISL_00000382,A/Synthetic_human/SYN/000382/2025,A_/_H5N1,human,759
SYNTH0000383,SYNTH_ISL_00000383,A/Synthetic_human/SYN/000383/2024,A_/_H5N1,human,759
SYNTH0000384,SYNTH_ISL_00000384,A/Synthetic_human/SYN/000384/2024,A_/_H5N1,human,759
SYNTH0000385,SYNTH_ISL_00000385,A/Synthetic_human/SYN/000385/2024,A_/_H5N1,human,759
SYNTH0000386,SYNTH_ISL_00000386,A/Synthetic_human/SYN/000386/2023,A_/_H5N1,human,759
SYNTH0000387,SYNTH_ISL_00000387,A/Synthetic_human/SYN/000387/2023,A_/_H5N1,human,759
SYNTH0000388,SYNTH_ISL_00000388,A/Synthetic_human/SYN/000388/2021,A_/_H5N1,human,759
SYNTH0000389,SYNTH_ISL_00000389,A/Synthetic_human/SYN/000389/2021,A_/_H5N1,human,759
SYNTH0000390,SYNTH_ISL_00000390,A/Synthetic_human/SYN/000390/2022,A_/_H5N1,human,759
SYNTH0000391,SYNTH_ISL_00000391,A/Synthetic_human/SYN/000391/2021,A_/_H5N1,human,759
SYNTH0000392,SYNTH_ISL_00000392,A/Synthetic_human/SYN/000392/2021,A_/_H5N1,human,759
SYNTH0000393,SYNTH_ISL_00000393,A/Synthetic_human/SYN/000393/2023,A_/_H5N1,human,759
SYNTH0000394,SYNTH_ISL_00000394,A/Synthetic_human/SYN/000394/2022,A_/_H5N1,human,759
SYNTH0000395,SYNTH_ISL_00000395,A/Synthetic_human/SYN/000395/2021,A_/_H5N1,human,759
SYNTH0000396,SYNTH_ISL_00000396,A/Synthetic_human/SYN/000396/2021,A_/_H5N1,human,759
SYNTH0000397,SYNTH_ISL_00000397,A/Synthetic_human/SYN/000397/2024,A_/_H5N1,human,759
SYNTH0000398,SYNTH_ISL_00000398,A/Synthetic_human/SYN/000398/2025,A_/_H5N1,human,759
SYNTH0000399,SYNTH_ISL_00000399,A/Synthetic_human/SYN/000399/2021,A_/_H5N1,human,759
SYNTH0000400,SYNTH_ISL_00000400,A/Synthetic_human/SYN/000400/2023,A_/_H5N1,human,759
SYNTH0000401,SYNTH_ISL_00000401,A/Synthetic_human/SYN/000401/2022,A_/_H5N1,human,759
SYNTH0000402,SYNTH_ISL_00000402,A/Synthetic_human/SYN/000402/2021,A_/_H5N1,human,759
SYNTH0000403,SYNTH_ISL_00000403,A/Synthetic_human/SYN/000403/2021,A_/_H5N1,human,759
SYNTH0000404,SYNTH_ISL_00000404,A/Synthetic_human/SYN/000404/2024,A_/_H5N1,human,759
SYNTH0000405,SYNTH_ISL_00000405,A/Synthetic_human/SYN/000405/2022,A_/_H5N1,human,759
SYNTH0000406,SYNTH_ISL_00000406,A/Synthetic_human/SYN/000406/2025,A_/_H5N1,human,759
SYNTH0000407,SYNTH_ISL_00000407,A/Synthetic_human/SYN/000407/2022,A_/_H5N1,human,759
SYNTH0000408,SYNTH_ISL_00000408,A/Synthetic_human/SYN/000408/2021,A_/_H5N1,human,759
SYNTH0000409,SYNTH_ISL_00000409,A/Synthetic_human/SYN/000409/2024,A_/_H5N1,human,759
SYNTH0000410,SYNTH_ISL_00000410,A/Synthetic_human/SYN/000410/2023,A_/_H5N1,human,759
SYNTH0000411,SYNTH_ISL_00000411,A/Synthetic_human/SYN/000411/2023,A_/_H5N1,human,759
SYNTH0000412,SYNTH_ISL_00000412,A/Synthetic_human/SYN/000412/2025,A_/_H5N1,human,759
SYNTH0000413,SYNTH_ISL_00000413,A/Synthetic_human/SYN/000413/2021,A_/_H5N1,human,759
SYNTH0000414,SYNTH_ISL_00000414,A/Synthetic_human/SYN/000414/2021,A_/_H5N1,human,759
SYNTH0000415,SYNTH_ISL_00000415,A/Synthetic_human/SYN/000415/2022,A_/_H5N1,human,759
SYNTH0000416,SYNTH_ISL_00000416,A/Synthetic_human/SYN/000416/2023,A_/_H5N1,human,759
SYNTH0000417,SYNTH_ISL_00000417,A/Synthetic_human/SYN/000417/2024,A_/_H5N1,human,759
SYNTH0000418,SYNTH_ISL_00000418,A/Synthetic_human/SYN/000418/2025,A_/_H5N1,human,759
SYNTH0000419,SYNTH_ISL_00000419,A/Synthetic_human/SYN/000419/2021,A_/_H5N1,human,759
SYNTH0000420,SYNTH_ISL_00000420,A/Synthetic_human/SYN/000420/2024,A_/_H5N1,human,199
SYNTH0000421,SYNTH_ISL_00000421,A/Synthetic_human/SYN/000421/2025,A_/_H5N1,human,759
SYNTH0000422,SYNTH_ISL_00000422,A/Synthetic_human/SYN/000422/2024,A_/_H5N1,human,759
SYNTH0000423,SYNTH_ISL_00000423,A/Synthetic_human/SYN/000423/2021,A_/_H5N1,human,759
SYNTH0000424,SYNTH_ISL_00000424,A/Synthetic_human/SYN/000424/2025,A_/_H5N1,human,759
SYNTH0000425,SYNTH_ISL_00000425,A/Synthetic_human/SYN/000425/2021,A_/_H5N1,human,759
SYNTH0000426,SYNTH_ISL_00000426,A/Synthetic_human/SYN/000426/2022,A_/_H5N1,human,759
SYNTH0000427,SYNTH_ISL_00000427,A/Synthetic_human/SYN/000427/2025,A_/_H5N1,human,759
SYNTH0000428,SYNTH_ISL_00000428,A/Synthetic_human/SYN/000428/2023,A_/_H5N1,human,759
SYNTH0000429,SYNTH_ISL_00000429,A/Synthetic_human/SYN/000429/2021,A_/_H5N1,human,759
SYNTH0000430,SYNTH_ISL_00000430,A/Synthetic_human/SYN/000430/2025,A_/_H5N1,human,759
SYNTH0000431,SYNTH_ISL_00000431,A/Synthetic_human/SYN/000431/2023,A_/_H5N1,human,759
SYNTH0000432,SYNTH_ISL_00000432,A/Synthetic_human/SYN/000432/2022,A_/_H5N1,human,759
SYNTH0000433,SYNTH_ISL_00000433,A/Synthetic_human/SYN/000433/2022,A_/_H5N1,human,759
SYNTH0000434,SYNTH_ISL_00000434,A/Synthetic_human/SYN/000434/2021,A_/_H5N1,human,759
SYNTH0000435,SYNTH_ISL_00000435,A/Synthetic_human/SYN/000435/2024,A_/_H5N1,human,759
SYNTH0000436,SYNTH_ISL_00000436,A/Synthetic_human/SYN/000436/2025,A_/_H5N1,human,759
SYNTH0000437,SYNTH_ISL_00000437,A/Synthetic_human/SYN/000437/2023,A_/_H5N1,human,759
SYNTH0000438,SYNTH_ISL_00000438,A/Synthetic_human/SYN/000438/2024,A_/_H5N1,human,759
SYNTH0000439,SYNTH_ISL_00000439,A/Synthetic_human/SYN/000439/2023,A_/_H5N1,human,759
SYNTH0000440,SYNTH_ISL_00000440,A/Synthetic_human/SYN/000440/2025,A_/_H5N1,human,759
SYNTH0000441,SYNTH_ISL_00000441,A/Synthetic_human/SYN/000441/2024,A_/_H5N1,human,759
SYNTH0000442,SYNTH_ISL_00000442,A/Synthetic_human/SYN/000442/2023,A_/_H5N1,human,759
SYNTH0000443,SYNTH_ISL_00000443,A/Synthetic_human/SYN/000443/2025,A_/_H5N1,human,759
SYNTH0000444,SYNTH_ISL_00000444,A/Synthetic_human/SYN/000444/2024,A_/_H5N1,human,759
SYNTH0000445,SYNTH_ISL_00000445,A/Synthetic_human/SYN/000445/2024,A_/_H5N1,human,759
SYNTH0000446,SYNTH_ISL_00000446,A/Synthetic_human/SYN/000446/2023,A_/_H5N1,human,759
SYNTH0000447,SYNTH_ISL_00000447,A/Synthetic_human/SYN/000447/2021,A_/_H5N1,human,759
SYNTH0000448,SYNTH_ISL_00000448,A/Synthetic_human/SYN/000448/2021,A_/_H5N1,human,759
SYNTH0000449,SYNTH_ISL_00000449,A/Synthetic_human/SYN/000449/2021,A_/_H5N1,human,759
SYNTH0000450,SYNTH_ISL_00000450,A/Synthetic_human/SYN/000450/2024,A_/_H5N1,human,759
SYNTH0000451,SYNTH_ISL_00000451,A/Synthetic_human/SYN/000451/2023,A_/_H5N1,human,759
SYNTH0000452,SYNTH_ISL_00000452,A/Synthetic_human/SYN/000452/2024,A_/_H5N1,human,759
SYNTH0000453,SYNTH_ISL_00000453,A/Synthetic_human/SYN/000453/2025,A_/_H5N1,human,759
SYNTH0000454,SYNTH_ISL_00000454,A/Synthetic_human/SYN/000454/2021,A_/_H5N1,human,759
SYNTH0000455,SYNTH_ISL_00000455,A/Synthetic_human/SYN/000455/2023,A_/_H5N1,human,759
SYNTH0000456,SYNTH_ISL_00000456,A/Synthetic_human/SYN/000456/2023,A_/_H5N1,human,759
SYNTH0000457,SYNTH_ISL_00000457,A/Synthetic_human/SYN/000457/2023,A_/_H5N1,human,759
SYNTH0000458,SYNTH_ISL_00000458,A/Synthetic_human/SYN/000458/2022,A_/_H5N1,human,759
SYNTH0000459,SYNTH_ISL_00000459,A/Synthetic_human/SYN/000459/2023,A_/_H5N1,human,759
SYNTH0000460,SYNTH_ISL_00000460,A/Synthetic_human/SYN/000460/2022,A_/_H5N1,human,759
SYNTH0000461,SYNTH_ISL_00000461,A/Synthetic_human/SYN/000461/2024,A_/_H5N1,human,759
SYNTH0000462,SYNTH_ISL_00000462,A/Synthetic_human/SYN/000462/2023,A_/_H5N1,human,759
SYNTH0000463,SYNTH_ISL_00000463,A/Synthetic_human/SYN/000463/2023,A_/_H5N1,human,759
SYNTH0000464,SYNTH_ISL_00000464,A/Synthetic_human/SYN/000464/2022,A_/_H5N1,human,759
SYNTH0000465,SYNTH_ISL_00000465,A/Synthetic_human/SYN/000465/2022,A_/_H5N1,human,759
SYNTH0000466,SYNTH_ISL_00000466,A/Synthetic_human/SYN/000466/2025,A_/_H5N1,human,759
SYNTH0000467,SYNTH_ISL_00000467,A/Synthetic_human/SYN/000467/2023,A_/_H5N1,human,759
SYNTH0000468,SYNTH_ISL_00000468,A/Synthetic_human/SYN/000468/2025,A_/_H5N1,human,759
SYNTH0000469,SYNTH_ISL_00000469,A/Synthetic_human/SYN/000469/2022,A_/_H5N1,human,759
SYNTH0000470,SYNTH_ISL_00000470,A/Synthetic_human/SYN/000470/2024,A_/_H5N1,human,759
SYNTH0000471,SYNTH_ISL_00000471,A/Synthetic_human/SYN/000471/2022,A_/_H5N1,human,759
SYNTH0000472,SYNTH_ISL_00000472,A/Synthetic_human/SYN/000472/2024,A_/_H5N1,human,759
SYNTH0000473,SYNTH_ISL_00000473,A/Synthetic_human/SYN/000473/2023,A_/_H5N1,human,759
SYNTH0000474,SYNTH_ISL_00000474,A/Synthetic_human/SYN/000474/2022,A_/_H5N1,human,759
SYNTH0000475,SYNTH_ISL_00000475,A/Synthetic_human/SYN/000475/2024,A_/_H5N1,human,759
SYNTH0000476,SYNTH_ISL_00000476,A/Synthetic_human/SYN/000476/2025,A_/_H5N1,human,759
SYNTH0000477,SYNTH_ISL_00000477,A/Synthetic_human/SYN/000477/2022,A_/_H5N1,human,759
SYNTH0000478,SYNTH_ISL_00000478,A/Synthetic_human/SYN/000478/2023,A_/_H5N1,human,759
SYNTH0000479,SYNTH_ISL_00000479,A/Synthetic_human/SYN/000479/2023,A_/_H5N1,human,759
SYNTH0000480,SYNTH_ISL_00000480,A/Synthetic_human/SYN/000480/2025,A_/_H5N1,human,759
SYNTH0000481,SYNTH_ISL_00000481,A/Synthetic_human/SYN/000481/2021,A_/_H5N1,human,759
SYNTH0000482,SYNTH_ISL_00000482,A/Synthetic_human/SYN/000482/2024,A_/_H5N1,human,759
SYNTH0000483,SYNTH_ISL_00000483,A/Synthetic_human/SYN/000483/2024,A_/_H5N1,human,759
SYNTH0000484,SYNTH_ISL_00000484,A/Synthetic_human/SYN/000484/2024,A_/_H5N1,human,759
SYNTH0000485,SYNTH_ISL_00000485,A/Synthetic_human/SYN/000485/2024,A_/_H5N1,human,759
SYNTH0000486,SYNTH_ISL_00000486,A/Synthetic_human/SYN/000486/2022,A_/_H5N1,human,759
SYNTH0000487,SYNTH_ISL_00000487,A/Synthetic_human/SYN/000487/2023,A_/_H5N1,human,759
SYNTH0000488,SYNTH_ISL_00000488,A/Synthetic_human/SYN/000488/2021,A_/_H5N1,human,759
SYNTH0000489,SYNTH_ISL_00000489,A/Synthetic_human/SYN/000489/2022,A_/_H5N1,human,759
SYNTH0000490,SYNTH_ISL_00000490,A/Synthetic_human/SYN/000490/2024,A_/_H5N1,human,759
SYNTH0000491,SYNTH_ISL_00000491,A/Synthetic_human/SYN/000491/2024,A_/_H5N1,human,759
SYNTH0000492,SYNTH_ISL_00000492,A/Synthetic_human/SYN/000492/2021,A_/_H5N1,human,340
SYNTH0000493,SYNTH_ISL_00000493,A/Synthetic_human/SYN/000493/2025,A_/_H5N1,human,759
SYNTH0000494,SYNTH_ISL_00000494,A/Synthetic_human/SYN/000494/2021,A_/_H5N1,human,759
SYNTH0000495,SYNTH_ISL_00000495,A/Synthetic_human/SYN/000495/2023,A_/_H5N1,human,759
SYNTH0000496,SYNTH_ISL_00000496,A/Synthetic_human/SYN/000496/2024,A_/_H5N1,human,759
SYNTH0000497,SYNTH_ISL_00000497,A/Synthetic_human/SYN/000497/2021,A_/_H5N1,human,759
SYNTH0000498,SYNTH_ISL_00000498,A/Synthetic_human/SYN/000498/2025,A_/_H5N1,human,759
SYNTH0000499,SYNTH_ISL_00000499,A/Synthetic_human/SYN/000499/2022,A_/_H5N1,human,759
SYNTH0000500,SYNTH_ISL_00000500,A/Synthetic_human/SYN/000500/2025,A_/_H5N1,human,759
SYNTH0000501,SYNTH_ISL_00000501,A/Synthetic_human/SYN/000501/2022,A_/_H5N1,human,759
SYNTH0000502,SYNTH_ISL_00000502,A/Synthetic_human/SYN/000502/2025,A_/_H5N1,human,759
SYNTH0000503,SYNTH_ISL_00000503,A/Synthetic_human/SYN/000503/2025,A_/_H5N1,human,759
SYNTH0000504,SYNTH_ISL_00000504,A/Synthetic_human/SYN/000504/2024,A_/_H5N1,human,759
SYNTH0000505,SYNTH_ISL_00000505,A/Synthetic_human/SYN/000505/2024,A_/_H5N1,human,759
SYNTH0000506,SYNTH_ISL_00000506,A/Synthetic_human/SYN/000506/2021,A_/_H5N1,human,759
SYNTH0000507,SYNTH_ISL_00000507,A/Synthetic_human/SYN/000507/2023,A_/_H5N1,human,759
SYNTH0000508,SYNTH_ISL_00000508,A/Synthetic_human/SYN/000508/2025,A_/_H5N1,human,759
SYNTH0000509,SYNTH_ISL_00000509,A/Synthetic_human/SYN/000509/2022,A_/_H5N1,human,759
SYNTH0000510,SYNTH_ISL_00000510,A/Synthetic_human/SYN/000510/2022,A_/_H5N1,human,759
SYNTH0000511,SYNTH_ISL_00000511,A/Synthetic_human/SYN/000511/2024,A_/_H5N1,human,759
SYNTH0000512,SYNTH_ISL_00000512,A/Synthetic_human/SYN/000512/2021,A_/_H5N1,human,759
SYNTH0000513,SYNTH_ISL_00000513,A/Synthetic_human/SYN/000513/2021,A_/_H5N1,human,759
SYNTH0000514,SYNTH_ISL_00000514,A/Synthetic_human/SYN/000514/2022,A_/_H5N1,human,759
SYNTH0000515,SYNTH_ISL_00000515,A/Synthetic_human/SYN/000515/2023,A_/_H5N1,human,759
SYNTH0000516,SYNTH_ISL_00000516,A/Synthetic_human/SYN/000516/2023,A_/_H5N1,human,759
SYNTH0000517,SYNTH_ISL_00000517,A/Synthetic_human/SYN/000517/2023,A_/_H5N1,human,759
SYNTH0000518,SYNTH_ISL_00000518,A/Synthetic_human/SYN/000518/2023,A_/_H5N1,human,759
SYNTH0000519,SYNTH_ISL_00000519,A/Synthetic_human/SYN/000519/2024,A_/_H5N1,human,759
SYNTH0000520,SYNTH_ISL_00000520,A/Synthetic_human/SYN/000520/2024,A_/_H5N1,human,759
SYNTH0000521,SYNTH_ISL_00000521,A/Synthetic_human/SYN/000521/2024,A_/_H5N1,human,759
SYNTH0000522,SYNTH_ISL_00000522,A/Synthetic_human/SYN/000522/2025,A_/_H5N1,human,759
SYNTH0000523,SYNTH_ISL_00000523,A/Synthetic_human/SYN/000523/2024,A_/_H5N1,human,759
SYNTH0000524,SYNTH_ISL_00000524,A/Synthetic_human/SYN/000524/2025,A_/_H5N1,human,759
SYNTH0000525,SYNTH_ISL_00000525,A/Synthetic_human/SYN/000525/2021,A_/_H5N1,human,759
SYNTH0000526,SYNTH_ISL_00000526,A/Synthetic_human/SYN/000526/2023,A_/_H5N1,human,759
SYNTH0000527,SYNTH_ISL_00000527,A/Synthetic_human/SYN/000527/2022,A_/_H5N1,human,759
SYNTH0000528,SYNTH_ISL_00000528,A/Synthetic_human/SYN/000528/2024,A_/_H5N1,human,759
SYNTH0000529,SYNTH_ISL_00000529,A/Synthetic_human/SYN/000529/2025,A_/_H5N1,human,759
SYNTH0000530,SYNTH_ISL_00000530,A/Synthetic_human/SYN/000530/2021,A_/_H5N1,human,759
SYNTH0000531,SYNTH_ISL_00000531,A/Synthetic_human/SYN/000531/2023,A_/_H5N1,human,759
SYNTH0000532,SYNTH_ISL_00000532,A/Synthetic_human/SYN/000532/2021,A_/_H5N1,human,759
SYNTH0000533,SYNTH_ISL_00000533,A/Synthetic_human/SYN/000533/2021,A_/_H5N1,human,759
SYNTH0000534,SYNTH_ISL_00000534,A/Synthetic_human/SYN/000534/2023,A_/_H5N1,human,759
SYNTH0000535,SYNTH_ISL_00000535,A/Synthetic_tern/SYN/000535/2021,A_/_H5N1,avian,759
SYNTH0000536,SYNTH_ISL_00000536,A/Synthetic_tern/SYN/000536/2024,A_/_H5N1,avian,759
SYNTH0000537,SYNTH_ISL_00000537,A/Synthetic_duck/SYN/000537/2024,A_/_H5N1,avian,759
SYNTH0000538,SYNTH_ISL_00000538,A/Synthetic_tern/SYN/000538/2022,A_/_H5N1,avian,759
SYNTH0000539,SYNTH_ISL_00000539,A/Synthetic_duck/SYN/000539/2023,A_/_H5N1,avian,759
SYNTH0000540,SYNTH_ISL_00000540,A/Synthetic_chicken/SYN/000540/2021,A_/_H5N1,avian,310
SYNTH0000541,SYNTH_ISL_00000541,A/Synthetic_duck/SYN/000541/2025,A_/_H5N1,avian,759
SYNTH0000542,SYNTH_ISL_00000542,A/Synthetic_tern/SYN/000542/2021,A_/_H5N1,avian,759
SYNTH0000543,SYNTH_ISL_00000543,A/Synthetic_duck/SYN/000543/2024,A_/_H5N1,avian,759
SYNTH0000544,SYNTH_ISL_00000544,A/Synthetic_tern/SYN/000544/2023,A_/_H5N1,avian,759
SYNTH0000545,SYNTH_ISL_00000545,A/Synthetic_duck/SYN/000545/2022,A_/_H5N1,avian,759
SYNTH0000546,SYNTH_ISL_00000546,A/Synthetic_chicken/SYN/000546/2024,A_/_H5N1,avian,759
SYNTH0000547,SYNTH_ISL_00000547,A/Synthetic_tern/SYN/000547/2024,A_/_H5N1,avian,759
SYNTH0000548,SYNTH_ISL_00000548,A/Synthetic_tern/SYN/000548/2023,A_/_H5N1,avian,759
SYNTH0000549,SYNTH_ISL_00000549,A/Synthetic_tern/SYN/000549/2021,A_/_H5N1,avian,759
SYNTH0000550,SYNTH_ISL_00000550,A/Synthetic_duck/SYN/000550/2023,A_/_H5N1,avian,759
SYNTH0000551,SYNTH_ISL_00000551,A/Synthetic_tern/SYN/000551/2022,A_/_H5N1,avian,759
SYNTH0000552,SYNTH_ISL_00000552,A/Synthetic_tern/SYN/000552/2022,A_/_H5N1,avian,759
SYNTH0000553,SYNTH_ISL_00000553,A/Synthetic_chicken/SYN/000553/2022,A_/_H5N1,avian,759
SYNTH0000554,SYNTH_ISL_00000554,A/Synthetic_duck/SYN/000554/2021,A_/_H5N1,avian,759
SYNTH0000555,SYNTH_ISL_00000555,A/Synthetic_tern/SYN/000555/2023,A_/_H5N1,avian,759
SYNTH0000556,SYNTH_ISL_00000556,A/Synthetic_tern/SYN/000556/2022,A_/_H5N1,avian,759
SYNTH0000557,SYNTH_ISL_00000557,A/Synthetic_chicken/SYN/000557/2021,A_/_H5N1,avian,759
SYNTH0000558,SYNTH_ISL_00000558,A/Synthetic_tern/SYN/000558/2024,A_/_H5N1,avian,759
SYNTH0000559,SYNTH_ISL_00000559,A/Synthetic_duck/SYN/000559/2025,A_/_H5N1,avian,759
SYNTH0000560,SYNTH_ISL_00000560,A/Synthetic_duck/SYN/000560/2021,A_/_H5N1,avian,759
SYNTH0000561,SYNTH_ISL_00000561,A/Synthetic_tern/SYN/000561/2025,A_/_H5N1,avian,759
SYNTH0000562,SYNTH_ISL_00000562,A/Synthetic_tern/SYN/000562/2025,A_/_H5N1,avian,759
SYNTH0000563,SYNTH_ISL_00000563,A/Synthetic_chicken/SYN/000563/2024,A_/_H5N1,avian,759
SYNTH0000564,SYNTH_ISL_00000564,A/Synthetic_chicken/SYN/000564/2021,A_/_H5N1,avian,759
SYNTH0000565,SYNTH_ISL_00000565,A/Synthetic_duck/SYN/000565/2022,A_/_H5N1,avian,759
SYNTH0000566,SYNTH_ISL_00000566,A/Synthetic_tern/SYN/000566/2022,A_/_H5N1,avian,759
SYNTH0000567,SYNTH_ISL_00000567,A/Synthetic_tern/SYN/000567/2023,A_/_H5N1,avian,759
SYNTH0000568,SYNTH_ISL_00000568,A/Synthetic_duck/SYN/000568/2022,A_/_H5N1,avian,759
SYNTH0000569,SYNTH_ISL_00000569,A/Synthetic_tern/SYN/000569/2023,A_/_H5N1,avian,759
SYNTH0000570,SYNTH_ISL_00000570,A/Synthetic_duck/SYN/000570/2025,A_/_H5N1,avian,759
SYNTH0000571,SYNTH_ISL_00000571,A/Synthetic_tern/SYN/000571/2022,A_/_H5N1,avian,759
SYNTH0000572,SYNTH_ISL_00000572,A/Synthetic_tern/SYN/000572/2022,A_/_H5N1,avian,759
SYNTH0000573,SYNTH_ISL_00000573,A/Synthetic_tern/SYN/000573/2025,A_/_H5N1,avian,759
SYNTH0000574,SYNTH_ISL_00000574,A/Synthetic_tern/SYN/000574/2021,A_/_H5N1,avian,759
SYNTH0000575,SYNTH_ISL_00000575,A/Synthetic_chicken/SYN/000575/2021,A_/_H5N1,avian,759
SYNTH0000576,SYNTH_ISL_00000576,A/Synthetic_tern/SYN/000576/2025,A_/_H5N1,avian,759
SYNTH0000577,SYNTH_ISL_00000577,A/Synthetic_chicken/SYN/000577/2025,A_/_H5N1,avian,759
SYNTH0000578,SYNTH_ISL_00000578,A/Synthetic_tern/SYN/000578/2021,A_/_H5N1,avian,759
SYNTH0000579,SYNTH_ISL_00000579,A/Synthetic_tern/SYN/000579/2025,A_/_H5N1,avian,759
SYNTH0000580,SYNTH_ISL_00000580,A/Synthetic_duck/SYN/000580/2024,A_/_H5N1,avian,759
SYNTH0000581,SYNTH_ISL_00000581,A/Synthetic_tern/SYN/000581/2024,A_/_H5N1,avian,759
SYNTH0000582,SYNTH_ISL_00000582,A/Synthetic_chicken/SYN/000582/2021,A_/_H5N1,avian,759
SYNTH0000583,SYNTH_ISL_00000583,A/Synthetic_duck/SYN/000583/2024,A_/_H5N1,avian,759
SYNTH0000584,SYNTH_ISL_00000584,A/Synthetic_duck/SYN/000584/2025,A_/_H5N1,avian,759
SYNTH0000585,SYNTH_ISL_00000585,A/Synthetic_tern/SYN/000585/2023,A_/_H5N1,avian,759
SYNTH0000586,SYNTH_ISL_00000586,A/Synthetic_duck/SYN/000586/2024,A_/_H5N1,avian,759
SYNTH0000587,SYNTH_ISL_00000587,A/Synthetic_duck/SYN/000587/2025,A_/_H5N1,avian,759
SYNTH0000588,SYNTH_ISL_00000588,A/Synthetic_duck/SYN/000588/2022,A_/_H5N1,avian,759
SYNTH0000589,SYNTH_ISL_00000589,A/Synthetic_duck/SYN/000589/2024,A_/_H5N1,avian,759
SYNTH0000590,SYNTH_ISL_00000590,A/Synthetic_chicken/SYN/000590/2021,A_/_H5N1,avian,759
SYNTH0000591,SYNTH_ISL_00000591,A/Synthetic_duck/SYN/000591/2025,A_/_H5N1,avian,759
SYNTH0000592,SYNTH_ISL_00000592,A/Synthetic_chicken/SYN/000592/2023,A_/_H5N1,avian,759
SYNTH0000593,SYNTH_ISL_00000593,A/Synthetic_tern/SYN/000593/2023,A_/_H5N1,avian,759
SYNTH0000594,SYNTH_ISL_00000594,A/Synthetic_chicken/SYN/000594/2024,A_/_H5N1,avian,759
SYNTH0000595,SYNTH_ISL_00000595,A/Synthetic_duck/SYN/000595/2024,A_/_H5N1,avian,759
SYNTH0000596,SYNTH_ISL_00000596,A/Synthetic_duck/SYN/000596/2021,A_/_H5N1,avian,759
SYNTH0000597,SYNTH_ISL_00000597,A/Synthetic_duck/SYN/000597/2025,A_/_H5N1,avian,759
SYNTH0000598,SYNTH_ISL_00000598,A/Synthetic_chicken/SYN/000598/2022,A_/_H5N1,avian,759
SYNTH0000599,SYNTH_ISL_00000599,A/Synthetic_chicken/SYN/000599/2021,A_/_H5N1,avian,759
SYNTH0000600,SYNTH_ISL_00000600,A/Synthetic_tern/SYN/000600/2024,A_/_H5N1,avian,759
SYNTH0000601,SYNTH_ISL_00000601,A/Synthetic_chicken/SYN/000601/2021,A_/_H5N1,avian,759
SYNTH0000602,SYNTH_ISL_00000602,A/Synthetic_duck/SYN/000602/2023,A_/_H5N1,avian,759
SYNTH0000603,SYNTH_ISL_00000603,A/Synthetic_duck/SYN/000603/2021,A_/_H5N1,avian,759
SYNTH0000604,SYNTH_ISL_00000604,A/Synthetic_tern/SYN/000604/2025,A_/_H5N1,avian,759
SYNTH0000605,SYNTH_ISL_00000605,A/Synthetic_tern/SYN/000605/2023,A_/_H5N1,avian,759
SYNTH0000606,SYNTH_ISL_00000606,A/Synthetic_tern/SYN/000606/2024,A_/_H5N1,avian,759
SYNTH0000607,SYNTH_ISL_00000607,A/Synthetic_duck/SYN/000607/2025,A_/_H5N1,avian,759
SYNTH0000608,SYNTH_ISL_00000608,A/Synthetic_chicken/SYN/000608/2022,A_/_H5N1,avian,759
SYNTH0000609,SYNTH_ISL_00000609,A/Synthetic_duck/SYN/000609/2023,A_/_H5N1,avian,759
SYNTH0000610,SYNTH_ISL_00000610,A/Synthetic_duck/SYN/000610/2025,A_/_H5N1,avian,759
SYNTH0000611,SYNTH_ISL_00000611,A/Synthetic_chicken/SYN/000611/2022,A_/_H5N1,avian,759
SYNTH0000612,SYNTH_ISL_00000612,A/Synthetic_duck/SYN/000612/2025,A_/_H5N1,avian,759
SYNTH0000613,SYNTH_ISL_00000613,A/Synthetic_chicken/SYN/000613/2022,A_/_H5N1,avian,759
SYNTH0000614,SYNTH_ISL_00000614,A/Synthetic_duck/SYN/000614/2025,A_/_H5N1,avian,759
SYNTH0000615,SYNTH_ISL_00000615,A/Synthetic_tern/SYN/000615/2025,A_/_H5N1,avian,759
SYNTH0000616,SYNTH_ISL_00000616,A/Synthetic_tern/SYN/000616/2023,A_/_H5N1,avian,759
SYNTH0000617,SYNTH_ISL_00000617,A/Synthetic_tern/SYN/000617/2023,A_/_H5N1,avian,759
SYNTH0000618,SYNTH_ISL_00000618,A/Synthetic_tern/SYN/000618/2025,A_/_H5N1,avian,759
SYNTH0000619,SYNTH_ISL_00000619,A/Synthetic_tern/SYN/000619/2025,A_/_H5N1,avian,759
SYNTH0000620,SYNTH_ISL_00000620,A/Synthetic_chicken/SYN/000620/2023,A_/_H5N1,avian,759
SYNTH0000621,SYNTH_ISL_00000621,A/Synthetic_chicken/SYN/000621/2024,A_/_H5N1,avian,759
SYNTH0000622,SYNTH_ISL_00000622,A/Synthetic_tern/SYN/000622/2021,A_/_H5N1,avian,759
SYNTH0000623,SYNTH_ISL_00000623,A/Synthetic_duck/SYN/000623/2025,A_/_H5N1,avian,759
SYNTH0000624,SYNTH_ISL_00000624,A/Synthetic_tern/SYN/000624/2021,A_/_H5N1,avian,759
SYNTH0000625,SYNTH_ISL_00000625,A/Synthetic_chicken/SYN/000625/2025,A_/_H5N1,avian,759
SYNTH0000626,SYNTH_ISL_00000626,A/Synthetic_tern/SYN/000626/2024,A_/_H5N1,avian,759
SYNTH0000627,SYNTH_ISL_00000627,A/Synthetic_tern/SYN/000627/2022,A_/_H5N1,avian,759
SYNTH0000628,SYNTH_ISL_00000628,A/Synthetic_tern/SYN/000628/2021,A_/_H5N1,avian,759
SYNTH0000629,SYNTH_ISL_00000629,A/Synthetic_duck/SYN/000629/2023,A_/_H5N1,avian,759
SYNTH0000630,SYNTH_ISL_00000630,A/Synthetic_duck/SYN/000630/2022,A_/_H5N1,avian,759
SYNTH0000631,SYNTH_ISL_00000631,A/Synthetic_tern/SYN/000631/2024,A_/_H5N1,avian,759
SYNTH0000632,SYNTH_ISL_00000632,A/Synthetic_tern/SYN/000632/2021,A_/_H5N1,avian,759
SYNTH0000633,SYNTH_ISL_00000633,A/Synthetic_tern/SYN/000633/2022,A_/_H5N1,avian,759
SYNTH0000634,SYNTH_ISL_00000634,A/Synthetic_tern/SYN/000634/2024,A_/_H5N1,avian,759
SYNTH0000635,SYNTH_ISL_00000635,A/Synthetic_duck/SYN/000635/2022,A_/_H5N1,avian,759
SYNTH0000636,SYNTH_ISL_00000636,A/Synthetic_tern/SYN/000636/2023,A_/_H5N1,avian,759
SYNTH0000637,SYNTH_ISL_00000637,A/Synthetic_tern/SYN/000637/2023,A_/_H5N1,avian,759
SYNTH0000638,SYNTH_ISL_00000638,A/Synthetic_chicken/SYN/000638/2022,A_/_H5N1,avian,759
SYNTH0000639,SYNTH_ISL_00000639,A/Synthetic_duck/SYN/000639/2022,A_/_H5N1,avian,759
SYNTH0000640,SYNTH_ISL_00000640,A/Synthetic_duck/SYN/000640/2023,A_/_H5N1,avian,759
SYNTH0000641,SYNTH_ISL_00000641,A/Synthetic_tern/SYN/000641/2024,A_/_H5N1,avian,759
SYNTH0000642,SYNTH_ISL_00000642,A/Synthetic_duck/SYN/000642/2025,A_/_H5N1,avian,759
SYNTH0000643,SYNTH_ISL_00000643,A/Synthetic_tern/SYN/000643/2023,A_/_H5N1,avian,759
SYNTH0000644,SYNTH_ISL_00000644,A/Synthetic_tern/SYN/000644/2025,A_/_H5N1,avian,759
SYNTH0000645,SYNTH_ISL_00000645,A/Synthetic_duck/SYN/000645/2023,A_/_H5N1,avian,759
SYNTH0000646,SYNTH_ISL_00000646,A/Synthetic_chicken/SYN/000646/2023,A_/_H5N1,avian,759
SYNTH0000647,SYNTH_ISL_00000647,A/Synthetic_tern/SYN/000647/2021,A_/_H5N1,avian,759
SYNTH0000648,SYNTH_ISL_00000648,A/Synthetic_duck/SYN/000648/2023,A_/_H5N1,avian,759
SYNTH0000649,SYNTH_ISL_00000649,A/Synthetic_chicken/SYN/000649/2022,A_/_H5N1,avian,759
SYNTH0000650,SYNTH_ISL_00000650,A/Synthetic_duck/SYN/000650/2025,A_/_H5N1,avian,759
SYNTH0000651,SYNTH_ISL_00000651,A/Synthetic_chicken/SYN/000651/2021,A_/_H5N1,avian,759
SYNTH0000652,SYNTH_ISL_00000652,A/Synthetic_tern/SYN/000652/2022,A_/_H5N1,avian,759
SYNTH0000653,SYNTH_ISL_00000653,A/Synthetic_tern/SYN/000653/2025,A_/_H5N1,avian,759
SYNTH0000654,SYNTH_ISL_00000654,A/Synthetic_chicken/SYN/000654/2021,A_/_H5N1,avian,759
SYNTH0000655,SYNTH_ISL_00000655,A/Synthetic_duck/SYN/000655/2024,A_/_H5N1,avian,759
SYNTH0000656,SYNTH_ISL_00000656,A/Synthetic_chicken/SYN/000656/2021,A_/_H5N1,avian,759
SYNTH0000657,SYNTH_ISL_00000657,A/Synthetic_chicken/SYN/000657/2024,A_/_H5N1,avian,759
SYNTH0000658,SYNTH_ISL_00000658,A/Synthetic_duck/SYN/000658/2024,A_/_H5N1,avian,759
SYNTH0000659,SYNTH_ISL_00000659,A/Synthetic_duck/SYN/000659/2023,A_/_H5N1,avian,759
SYNTH0000660,SYNTH_ISL_00000660,A/Synthetic_chicken/SYN/000660/2021,A_/_H5N1,avian,759
SYNTH0000661,SYNTH_ISL_00000661,A/Synthetic_chicken/SYN/000661/2025,A_/_H5N1,avian,759
SYNTH0000662,SYNTH_ISL_00000662,A/Synthetic_chicken/SYN/000662/2022,A_/_H5N1,avian,759
SYNTH0000663,SYNTH_ISL_00000663,A/Synthetic_chicken/SYN/000663/2021,A_/_H5N1,avian,759
SYNTH0000664,SYNTH_ISL_00000664,A/Synthetic_duck/SYN/000664/2024,A_/_H5N1,avian,759
SYNTH0000665,SYNTH_ISL_00000665,A/Synthetic_tern/SYN/000665/2023,A_/_H5N1,avian,759
SYNTH0000666,SYNTH_ISL_00000666,A/Synthetic_chicken/SYN/000666/2023,A_/_H5N1,avian,759
SYNTH0000667,SYNTH_ISL_00000667,A/Synthetic_chicken/SYN/000667/2023,A_/_H5N1,avian,759
SYNTH0000668,SYNTH_ISL_00000668,A/Synthetic_tern/SYN/000668/2025,A_/_H5N1,avian,759
SYNTH0000669,SYNTH_ISL_00000669,A/Synthetic_chicken/SYN/000669/2025,A_/_H5N1,avian,759
SYNTH0000670,SYNTH_ISL_00000670,A/Synthetic_chicken/SYN/000670/2021,A_/_H5N1,avian,759
SYNTH0000671,SYNTH_ISL_00000671,A/Synthetic_tern/SYN/000671/2024,A_/_H5N1,avian,759
SYNTH0000672,SYNTH_ISL_00000672,A/Synthetic_tern/SYN/000672/2022,A_/_H5N1,avian,465
SYNTH0000673,SYNTH_ISL_00000673,A/Synthetic_duck/SYN/000673/2025,A_/_H5N1,avian,759
SYNTH0000674,SYNTH_ISL_00000674,A/Synthetic_chicken/SYN/000674/2022,A_/_H5N1,avian,759
SYNTH0000675,SYNTH_ISL_00000675,A/Synthetic_tern/SYN/000675/2024,A_/_H5N1,avian,759
SYNTH0000676,SYNTH_ISL_00000676,A/Synthetic_tern/SYN/000676/2023,A_/_H5N1,avian,759
SYNTH0000677,SYNTH_ISL_00000677,A/Synthetic_tern/SYN/000677/2021,A_/_H5N1,avian,759
SYNTH0000678,SYNTH_ISL_00000678,A/Synthetic_chicken/SYN/000678/2024,A_/_H5N1,avian,759
SYNTH0000679,SYNTH_ISL_00000679,A/Synthetic_chicken/SYN/000679/2021,A_/_H5N1,avian,759
SYNTH0000680,SYNTH_ISL_00000680,A/Synthetic_chicken/SYN/000680/2024,A_/_H5N1,avian,759
SYNTH0000681,SYNTH_ISL_00000681,A/Synthetic_duck/SYN/000681/2023,A_/_H5N1,avian,759
SYNTH0000682,SYNTH_ISL_00000682,A/Synthetic_tern/SYN/000682/2021,A_/_H5N1,avian,759
SYNTH0000683,SYNTH_ISL_00000683,A/Synthetic_duck/SYN/000683/2022,A_/_H5N1,avian,759
SYNTH0000684,SYNTH_ISL_00000684,A/Synthetic_chicken/SYN/000684/2024,A_/_H5N1,avian,759
SYNTH0000685,SYNTH_ISL_00000685,A/Synthetic_duck/SYN/000685/2025,A_/_H5N1,avian,759
SYNTH0000686,SYNTH_ISL_00000686,A/Synthetic_tern/SYN/000686/2023,A_/_H5N1,avian,759
SYNTH0000687,SYNTH_ISL_00000687,A/Synthetic_tern/SYN/000687/2023,A_/_H5N1,avian,759
SYNTH0000688,SYNTH_ISL_00000688,A/Synthetic_chicken/SYN/000688/2022,A_/_H5N1,avian,759
SYNTH0000689,SYNTH_ISL_00000689,A/Synthetic_duck/SYN/000689/2022,A_/_H5N1,avian,759
SYNTH0000690,SYNTH_ISL_00000690,A/Synthetic_tern/SYN/000690/2023,A_/_H5N1,avian,759
SYNTH0000691,SYNTH_ISL_00000691,A/Synthetic_tern/SYN/000691/2024,A_/_H5N1,avian,759
SYNTH0000692,SYNTH_ISL_00000692,A/Synthetic_tern/SYN/000692/2022,A_/_H5N1,avian,759
SYNTH0000693,SYNTH_ISL_00000693,A/Synthetic_tern/SYN/000693/2025,A_/_H5N1,avian,759
SYNTH0000694,SYNTH_ISL_00000694,A/Synthetic_chicken/SYN/000694/2025,A_/_H5N1,avian,759
SYNTH0000695,SYNTH_ISL_00000695,A/Synthetic_tern/SYN/000695/2023,A_/_H5N1,avian,759
SYNTH0000696,SYNTH_ISL_00000696,A/Synthetic_tern/SYN/000696/2021,A_/_H5N1,avian,759
SYNTH0000697,SYNTH_ISL_00000697,A/Synthetic_tern/SYN/000697/2025,A_/_H5N1,avian,759
SYNTH0000698,SYNTH_ISL_00000698,A/Synthetic_tern/SYN/000698/2022,A_/_H5N1,avian,759
SYNTH0000699,SYNTH_ISL_00000699,A/Synthetic_tern/SYN/000699/2024,A_/_H5N1,avian,759
SYNTH0000700,SYNTH_ISL_00000700,A/Synthetic_chicken/SYN/000700/2025,A_/_H5N1,avian,759
SYNTH0000701,SYNTH_ISL_00000701,A/Synthetic_tern/SYN/000701/2024,A_/_H5N1,avian,759
SYNTH0000702,SYNTH_ISL_00000702,A/Synthetic_duck/SYN/000702/2022,A_/_H5N1,avian,759
SYNTH0000703,SYNTH_ISL_00000703,A/Synthetic_duck/SYN/000703/2025,A_/_H5N1,avian,759
SYNTH0000704,SYNTH_ISL_00000704,A/Synthetic_duck/SYN/000704/2023,A_/_H5N1,avian,759
SYNTH0000705,SYNTH_ISL_00000705,A/Synthetic_duck/SYN/000705/2023,A_/_H5N1,avian,759
SYNTH0000706,SYNTH_ISL_00000706,A/Synthetic_tern/SYN/000706/2022,A_/_H5N1,avian,759
SYNTH0000707,SYNTH_ISL_00000707,A/Synthetic_chicken/SYN/000707/2024,A_/_H5N1,avian,759
SYNTH0000708,SYNTH_ISL_00000708,A/Synthetic_chicken/SYN/000708/2025,A_/_H5N1,avian,759
SYNTH0000709,SYNTH_ISL_00000709,A/Synthetic_chicken/SYN/000709/2024,A_/_H5N1,avian,759
SYNTH0000710,SYNTH_ISL_00000710,A/Synthetic_duck/SYN/000710/2022,A_/_H5N1,avian,759
SYNTH0000711,SYNTH_ISL_00000711,A/Synthetic_tern/SYN/000711/2024,A_/_H5N1,avian,759
SYNTH0000712,SYNTH_ISL_00000712,A/Synthetic_duck/SYN/000712/2024,A_/_H5N1,avian,759
SYNTH0000713,SYNTH_ISL_00000713,A/Synthetic_duck/SYN/000713/2024,A_/_H5N1,avian,759
SYNTH0000714,SYNTH_ISL_00000714,A/Synthetic_tern/SYN/000714/2025,A_/_H5N1,avian,759
SYNTH0000715,SYNTH_ISL_00000715,A/Synthetic_duck/SYN/000715/2021,A_/_H5N1,avian,759
SYNTH0000716,SYNTH_ISL_00000716,A/Synthetic_tern/SYN/000716/2024,A_/_H5N1,avian,759
SYNTH0000717,SYNTH_ISL_00000717,A/Synthetic_tern/SYN/000717/2022,A_/_H5N1,avian,759
SYNTH0000718,SYNTH_ISL_00000718,A/Synthetic_chicken/SYN/000718/2023,A_/_H5N1,avian,759
SYNTH0000719,SYNTH_ISL_00000719,A/Synthetic_tern/SYN/000719/2025,A_/_H5N1,avian,759
SYNTH0000720,SYNTH_ISL_00000720,A/Synthetic_duck/SYN/000720/2022,A_/_H5N1,avian,759
SYNTH0000721,SYNTH_ISL_00000721,A/Synthetic_duck/SYN/000721/2022,A_/_H5N1,avian,759
SYNTH0000722,SYNTH_ISL_00000722,A/Synthetic_tern/SYN/000722/2021,A_/_H5N1,avian,759
SYNTH0000723,SYNTH_ISL_00000723,A/Synthetic_tern/SYN/000723/2024,A_/_H5N1,avian,759
SYNTH0000724,SYNTH_ISL_00000724,A/Synthetic_chicken/SYN/000724/2022,A_/_H5N1,avian,759
SYNTH0000725,SYNTH_ISL_00000725,A/Synthetic_chicken/SYN/000725/2025,A_/_H5N1,avian,759
SYNTH0000726,SYNTH_ISL_00000726,A/Synthetic_tern/SYN/000726/2021,A_/_H5N1,avian,759
SYNTH0000727,SYNTH_ISL_00000727,A/Synthetic_chicken/SYN/000727/2024,A_/_H5N1,avian,759
SYNTH0000728,SYNTH_ISL_00000728,A/Synthetic_tern/SYN/000728/2022,A_/_H5N1,avian,759
SYNTH0000729,SYNTH_ISL_00000729,A/Synthetic_chicken/SYN/000729/2022,A_/_H5N1,avian,759
SYNTH0000730,SYNTH_ISL_00000730,A/Synthetic_duck/SYN/000730/2022,A_/_H5N1,avian,759
SYNTH0000731,SYNTH_ISL_00000731,A/Synthetic_tern/SYN/000731/2025,A_/_H5N1,avian,759
SYNTH0000732,SYNTH_ISL_00000732,A/Synthetic_tern/SYN/000732/2023,A_/_H5N1,avian,759
SYNTH0000733,SYNTH_ISL_00000733,A/Synthetic_chicken/SYN/000733/2025,A_/_H5N1,avian,759
SYNTH0000734,SYNTH_ISL_00000734,A/Synthetic_duck/SYN/000734/2023,A_/_H5N1,avian,759
SYNTH0000735,SYNTH_ISL_00000735,A/Synthetic_tern/SYN/000735/2022,A_/_H5N1,avian,759
SYNTH0000736,SYNTH_ISL_00000736,A/Synthetic_duck/SYN/000736/2025,A_/_H5N1,avian,759
SYNTH0000737,SYNTH_ISL_00000737,A/Synthetic_duck/SYN/000737/2024,A_/_H5N1,avian,759
SYNTH0000738,SYNTH_ISL_00000738,A/Synthetic_duck/SYN/000738/2024,A_/_H5N1,avian,759
SYNTH0000739,SYNTH_ISL_00000739,A/Synthetic_duck/SYN/000739/2024,A_/_H5N1,avian,759
SYNTH0000740,SYNTH_ISL_00000740,A/Synthetic_tern/SYN/000740/2024,A_/_H5N1,avian,759
SYNTH0000741,SYNTH_ISL_00000741,A/Synthetic_chicken/SYN/000741/2023,A_/_H5N1,avian,759
SYNTH0000742,SYNTH_ISL_00000742,A/Synthetic_chicken/SYN/000742/2024,A_/_H5N1,avian,759
SYNTH0000743,SYNTH_ISL_00000743,A/Synthetic_tern/SYN/000743/2024,A_/_H5N1,avian,759
SYNTH0000744,SYNTH_ISL_00000744,A/Synthetic_tern/SYN/000744/2025,A_/_H5N1,avian,759
SYNTH0000745,SYNTH_ISL_00000745,A/Synthetic_chicken/SYN/000745/2023,A_/_H5N1,avian,759
SYNTH0000746,SYNTH_ISL_00000746,A/Synthetic_tern/SYN/000746/2021,A_/_H5N1,avian,759
SYNTH0000747,SYNTH_ISL_00000747,A/Synthetic_duck/SYN/000747/2021,A_/_H5N1,avian,759
SYNTH0000748,SYNTH_ISL_00000748,A/Synthetic_chicken/SYN/000748/2021,A_/_H5N1,avian,759
SYNTH0000749,SYNTH_ISL_00000749,A/Synthetic_tern/SYN/000749/2025,A_/_H5N1,avian,759
SYNTH0000750,SYNTH_ISL_00000750,A/Synthetic_chicken/SYN/000750/2022,A_/_H5N1,avian,759
SYNTH0000751,SYNTH_ISL_00000751,A/Synthetic_tern/SYN/000751/2025,A_/_H5N1,avian,759
SYNTH0000752,SYNTH_ISL_00000752,A/Synthetic_chicken/SYN/000752/2023,A_/_H5N1,avian,759
SYNTH0000753,SYNTH_ISL_00000753,A/Synthetic_chicken/SYN/000753/2022,A_/_H5N1,avian,759
SYNTH0000754,SYNTH_ISL_00000754,A/Synthetic_tern/SYN/000754/2021,A_/_H5N1,avian,759
SYNTH0000755,SYNTH_ISL_00000755,A/Synthetic_duck/SYN/000755/2022,A_/_H5N1,avian,759
SYNTH0000756,SYNTH_ISL_00000756,A/Synthetic_tern/SYN/000756/2022,A_/_H5N1,avian,759
SYNTH0000757,SYNTH_ISL_00000757,A/Synthetic_chicken/SYN/000757/2025,A_/_H5N1,avian,759
SYNTH0000758,SYNTH_ISL_00000758,A/Synthetic_duck/SYN/000758/2024,A_/_H5N1,avian,759
SYNTH0000759,SYNTH_ISL_00000759,A/Synthetic_tern/SYN/000759/2023,A_/_H5N1,avian,759
SYNTH0000760,SYNTH_ISL_00000760,A/Synthetic_duck/SYN/000760/2025,A_/_H5N1,avian,759
SYNTH0000761,SYNTH_ISL_00000761,A/Synthetic_duck/SYN/000761/2021,A_/_H5N1,avian,759
SYNTH0000762,SYNTH_ISL_00000762,A/Synthetic_tern/SYN/000762/2024,A_/_H5N1,avian,759
SYNTH0000763,SYNTH_ISL_00000763,A/Synthetic_duck/SYN/000763/2022,A_/_H5N1,avian,759
SYNTH0000764,SYNTH_ISL_00000764,A/Synthetic_duck/SYN/000764/2021,A_/_H5N1,avian,759
SYNTH0000765,SYNTH_ISL_00000765,A/Synthetic_chicken/SYN/000765/2022,A_/_H5N1,avian,686
SYNTH0000766,SYNTH_ISL_00000766,A/Synthetic_tern/SYN/000766/2025,A_/_H5N1,avian,759
SYNTH0000767,SYNTH_ISL_00000767,A/Synthetic_duck/SYN/000767/2022,A_/_H5N1,avian,759
SYNTH0000768,SYNTH_ISL_00000768,A/Synthetic_chicken/SYN/000768/2024,A_/_H5N1,avian,759
SYNTH0000769,SYNTH_ISL_00000769,A/Synthetic_chicken/SYN/000769/2024,A_/_H5N1,avian,759
SYNTH0000770,SYNTH_ISL_00000770,A/Synthetic_tern/SYN/000770/2023,A_/_H5N1,avian,759
SYNTH0000771,SYNTH_ISL_00000771,A/Synthetic_duck/SYN/000771/2024,A_/_H5N1,avian,759
SYNTH0000772,SYNTH_ISL_00000772,A/Synthetic_tern/SYN/000772/2023,A_/_H5N1,avian,759
SYNTH0000773,SYNTH_ISL_00000773,A/Synthetic_tern/SYN/000773/2025,A_/_H5N1,avian,759
SYNTH0000774,SYNTH_ISL_00000774,A/Synthetic_tern/SYN/000774/2021,A_/_H5N1,avian,759
SYNTH0000775,SYNTH_ISL_00000775,A/Synthetic_chicken/SYN/000775/2021,A_/_H5N1,avian,759
SYNTH0000776,SYNTH_ISL_00000776,A/Synthetic_duck/SYN/000776/2022,A_/_H5N1,avian,759
SYNTH0000777,SYNTH_ISL_00000777,A/Synthetic_chicken/SYN/000777/2021,A_/_H5N1,avian,759
SYNTH0000778,SYNTH_ISL_00000778,A/Synthetic_chicken/SYN/000778/2022,A_/_H5N1,avian,759
SYNTH0000779,SYNTH_ISL_00000779,A/Synthetic_duck/SYN/000779/2021,A_/_H5N1,avian,759
SYNTH0000780,SYNTH_ISL_00000780,A/Synthetic_tern/SYN/000780/2025,A_/_H5N1,avian,759
SYNTH0000781,SYNTH_ISL_00000781,A/Synthetic_tern/SYN/000781/2024,A_/_H5N1,avian,664
SYNTH0000782,SYNTH_ISL_00000782,A/Synthetic_tern/SYN/000782/2024,A_/_H5N1,avian,662
SYNTH0000783,SYNTH_ISL_00000783,A/Synthetic_tern/SYN/000783/2023,A_/_H5N1,avian,759
SYNTH0000784,SYNTH_ISL_00000784,A/Synthetic_duck/SYN/000784/2021,A_/_H5N1,avian,759
SYNTH0000785,SYNTH_ISL_00000785,A/Synthetic_tern/SYN/000785/2024,A_/_H5N1,avian,759
SYNTH0000786,SYNTH_ISL_00000786,A/Synthetic_chicken/SYN/000786/2021,A_/_H5N1,avian,759
SYNTH0000787,SYNTH_ISL_00000787,A/Synthetic_tern/SYN/000787/2022,A_/_H5N1,avian,759
SYNTH0000788,SYNTH_ISL_00000788,A/Synthetic_tern/SYN/000788/2025,A_/_H5N1,avian,759
SYNTH0000789,SYNTH_ISL_00000789,A/Synthetic_duck/SYN/000789/2023,A_/_H5N1,avian,759
SYNTH0000790,SYNTH_ISL_00000790,A/Synthetic_chicken/SYN/000790/2023,A_/_H5N1,avian,759
SYNTH0000791,SYNTH_ISL_00000791,A/Synthetic_duck/SYN/000791/2025,A_/_H5N1,avian,759
SYNTH0000792,SYNTH_ISL_00000792,A/Synthetic_tern/SYN/000792/2022,A_/_H5N1,avian,759
SYNTH0000793,SYNTH_ISL_00000793,A/Synthetic_chicken/SYN/000793/2021,A_/_H5N1,avian,759
SYNTH0000794,SYNTH_ISL_00000794,A/Synthetic_duck/SYN/000794/2024,A_/_H5N1,avian,759
SYNTH0000795,SYNTH_ISL_00000795,A/Synthetic_chicken/SYN/000795/2021,A_/_H5N1,avian,759
SYNTH0000796,SYNTH_ISL_00000796,A/Synthetic_chicken/SYN/000796/2024,A_/_H5N1,avian,759
SYNTH0000797,SYNTH_ISL_00000797,A/Synthetic_tern/SYN/000797/2023,A_/_H5N1,avian,759
SYNTH0000798,SYNTH_ISL_00000798,A/Synthetic_chicken/SYN/000798/2025,A_/_H5N1,avian,759
SYNTH0000799,SYNTH_ISL_00000799,A/Synthetic_chicken/SYN/000799/2022,A_/_H5N1,avian,759
SYNTH0000800,SYNTH_ISL_00000800,A/Synthetic_tern/SYN/000800/2025,A_/_H5N1,avian,759
SYNTH0000801,SYNTH_ISL_00000801,A/Synthetic_chicken/SYN/000801/2021,A_/_H5N1,avian,759
SYNTH0000802,SYNTH_ISL_00000802,A/Synthetic_duck/SYN/000802/2025,A_/_H5N1,avian,759
SYNTH0000803,SYNTH_ISL_00000803,A/Synthetic_chicken/SYN/000803/2022,A_/_H5N1,avian,759
SYNTH0000804,SYNTH_ISL_00000804,A/Synthetic_duck/SYN/000804/2021,A_/_H5N1,avian,759
SYNTH0000805,SYNTH_ISL_00000805,A/Synthetic_tern/SYN/000805/2022,A_/_H5N1,avian,759
SYNTH0000806,SYNTH_ISL_00000806,A/Synthetic_tern/SYN/000806/2024,A_/_H5N1,avian,759
SYNTH0000807,SYNTH_ISL_00000807,A/Synthetic_duck/SYN/000807/2022,A_/_H5N1,avian,759
SYNTH0000808,SYNTH_ISL_00000808,A/Synthetic_tern/SYN/000808/2024,A_/_H5N1,avian,759
SYNTH0000809,SYNTH_ISL_00000809,A/Synthetic_tern/SYN/000809/2023,A_/_H5N1,avian,759
SYNTH0000810,SYNTH_ISL_00000810,A/Synthetic_tern/SYN/000810/2022,A_/_H5N1,avian,759
SYNTH0000811,SYNTH_ISL_00000811,A/Synthetic_tern/SYN/000811/2021,A_/_H5N1,avian,759
SYNTH0000812,SYNTH_ISL_00000812,A/Synthetic_duck/SYN/000812/2021,A_/_H5N1,avian,759
SYNTH0000813,SYNTH_ISL_00000813,A/Synthetic_chicken/SYN/000813/2021,A_/_H5N1,avian,759
SYNTH0000814,SYNTH_ISL_00000814,A/Synthetic_tern/SYN/000814/2025,A_/_H5N1,avian,759
SYNTH0000815,SYNTH_ISL_00000815,A/Synthetic_duck/SYN/000815/2021,A_/_H5N1,avian,759
SYNTH0000816,SYNTH_ISL_00000816,A/Synthetic_duck/SYN/000816/2024,A_/_H5N1,avian,759
SYNTH0000817,SYNTH_ISL_00000817,A/Synthetic_tern/SYN/000817/2024,A_/_H5N1,avian,759
SYNTH0000818,SYNTH_ISL_00000818,A/Synthetic_tern/SYN/000818/2025,A_/_H5N1,avian,759
SYNTH0000819,SYNTH_ISL_00000819,A/Synthetic_chicken/SYN/000819/2025,A_/_H5N1,avian,759
SYNTH0000820,SYNTH_ISL_00000820,A/Synthetic_chicken/SYN/000820/2021,A_/_H5N1,avian,759
SYNTH0000821,SYNTH_ISL_00000821,A/Synthetic_chicken/SYN/000821/2024,A_/_H5N1,avian,759
SYNTH0000822,SYNTH_ISL_00000822,A/Synthetic_tern/SYN/000822/2022,A_/_H5N1,avian,759
SYNTH0000823,SYNTH_ISL_00000823,A/Synthetic_duck/SYN/000823/2023,A_/_H5N1,avian,759
SYNTH0000824,SYNTH_ISL_00000824,A/Synthetic_chicken/SYN/000824/2023,A_/_H5N1,avian,759
SYNTH0000825,SYNTH_ISL_00000825,A/Synthetic_duck/SYN/000825/2021,A_/_H5N1,avian,759
SYNTH0000826,SYNTH_ISL_00000826,A/Synthetic_chicken/SYN/000826/2024,A_/_H5N1,avian,759
SYNTH0000827,SYNTH_ISL_00000827,A/Synthetic_tern/SYN/000827/2025,A_/_H5N1,avian,759
SYNTH0000828,SYNTH_ISL_00000828,A/Synthetic_chicken/SYN/000828/2021,A_/_H5N1,avian,759
SYNTH0000829,SYNTH_ISL_00000829,A/Synthetic_chicken/SYN/000829/2025,A_/_H5N1,avian,759
SYNTH0000830,SYNTH_ISL_00000830,A/Synthetic_duck/SYN/000830/2024,A_/_H5N1,avian,543
SYNTH0000831,SYNTH_ISL_00000831,A/Synthetic_duck/SYN/000831/2021,A_/_H5N1,avian,759
SYNTH0000832,SYNTH_ISL_00000832,A/Synthetic_tern/SYN/000832/2022,A_/_H5N1,avian,759
SYNTH0000833,SYNTH_ISL_00000833,A/Synthetic_chicken/SYN/000833/2024,A_/_H5N1,avian,759
SYNTH0000834,SYNTH_ISL_00000834,A/Synthetic_duck/SYN/000834/2023,A_/_H5N1,avian,759
SYNTH0000835,SYNTH_ISL_00000835,A/Synthetic_chicken/SYN/000835/2021,A_/_H5N1,avian,759
SYNTH0000836,SYNTH_ISL_00000836,A/Synthetic_duck/SYN/000836/2024,A_/_H5N1,avian,759
SYNTH0000837,SYNTH_ISL_00000837,A/Synthetic_chicken/SYN/000837/2023,A_/_H5N1,avian,759
SYNTH0000838,SYNTH_ISL_00000838,A/Synthetic_chicken/SYN/000838/2024,A_/_H5N1,avian,759
SYNTH0000839,SYNTH_ISL_00000839,A/Synthetic_chicken/SYN/000839/2024,A_/_H5N1,avian,759
SYNTH0000840,SYNTH_ISL_00000840,A/Synthetic_duck/SYN/000840/2021,A_/_H5N1,avian,759
SYNTH0000841,SYNTH_ISL_00000841,A/Synthetic_duck/SYN/000841/2025,A_/_H5N1,avian,759
SYNTH0000842,SYNTH_ISL_00000842,A/Synthetic_duck/SYN/000842/2024,A_/_H5N1,avian,759
SYNTH0000843,SYNTH_ISL_00000843,A/Synthetic_tern/SYN/000843/2025,A_/_H5N1,avian,759
SYNTH0000844,SYNTH_ISL_00000844,A/Synthetic_duck/SYN/000844/2025,A_/_H5N1,avian,759
SYNTH0000845,SYNTH_ISL_00000845,A/Synthetic_chicken/SYN/000845/2024,A_/_H5N1,avian,759
SYNTH0000846,SYNTH_ISL_00000846,A/Synthetic_duck/SYN/000846/2023,A_/_H5N1,avian,759
SYNTH0000847,SYNTH_ISL_00000847,A/Synthetic_tern/SYN/000847/2024,A_/_H5N1,avian,759
SYNTH0000848,SYNTH_ISL_00000848,A/Synthetic_chicken/SYN/000848/2023,A_/_H5N1,avian,759
SYNTH0000849,SYNTH_ISL_00000849,A/Synthetic_duck/SYN/000849/2023,A_/_H5N1,avian,759
SYNTH0000850,SYNTH_ISL_00000850,A/Synthetic_tern/SYN/000850/2022,A_/_H5N1,avian,759
SYNTH0000851,SYNTH_ISL_00000851,A/Synthetic_tern/SYN/000851/2022,A_/_H5N1,avian,759
SYNTH0000852,SYNTH_ISL_00000852,A/Synthetic_tern/SYN/000852/2021,A_/_H5N1,avian,759
SYNTH0000853,SYNTH_ISL_00000853,A/Synthetic_duck/SYN/000853/2022,A_/_H5N1,avian,759
SYNTH0000854,SYNTH_ISL_00000854,A/Synthetic_duck/SYN/000854/2021,A_/_H5N1,avian,759
SYNTH0000855,SYNTH_ISL_00000855,A/Synthetic_duck/SYN/000855/2024,A_/_H5N1,avian,759
SYNTH0000856,SYNTH_ISL_00000856,A/Synthetic_duck/SYN/000856/2022,A_/_H5N1,avian,759
SYNTH0000857,SYNTH_ISL_00000857,A/Synthetic_chicken/SYN/000857/2024,A_/_H5N1,avian,759
SYNTH0000858,SYNTH_ISL_00000858,A/Synthetic_chicken/SYN/000858/2024,A_/_H5N1,avian,759
SYNTH0000859,SYNTH_ISL_00000859,A/Synthetic_duck/SYN/000859/2025,A_/_H5N1,avian,759
SYNTH0000860,SYNTH_ISL_00000860,A/Synthetic_tern/SYN/000860/2024,A_/_H5N1,avian,759
SYNTH0000861,SYNTH_ISL_00000861,A/Synthetic_duck/SYN/000861/2025,A_/_H5N1,avian,759
SYNTH0000862,SYNTH_ISL_00000862,A/Synthetic_chicken/SYN/000862/2021,A_/_H5N1,avian,759
SYNTH0000863,SYNTH_ISL_00000863,A/Synthetic_tern/SYN/000863/2023,A_/_H5N1,avian,759
SYNTH0000864,SYNTH_ISL_00000864,A/Synthetic_tern/SYN/000864/2021,A_/_H5N1,avian,759
SYNTH0000865,SYNTH_ISL_00000865,A/Synthetic_tern/SYN/000865/2024,A_/_H5N1,avian,759
SYNTH0000866,SYNTH_ISL_00000866,A/Synthetic_duck/SYN/000866/2024,A_/_H5N1,avian,759
SYNTH0000867,SYNTH_ISL_00000867,A/Synthetic_chicken/SYN/000867/2023,A_/_H5N1,avian,759
SYNTH0000868,SYNTH_ISL_00000868,A/Synthetic_tern/SYN/000868/2025,A_/_H5N1,avian,759
SYNTH0000869,SYNTH_ISL_00000869,A/Synthetic_tern/SYN/000869/2025,A_/_H5N1,avian,759
SYNTH0000870,SYNTH_ISL_00000870,A/Synthetic_duck/SYN/000870/2024,A_/_H5N1,avian,759
SYNTH0000871,SYNTH_ISL_00000871,A/Synthetic_tern/SYN/000871/2025,A_/_H5N1,avian,759
SYNTH0000872,SYNTH_ISL_00000872,A/Synthetic_chicken/SYN/000872/2023,A_/_H5N1,avian,759
SYNTH0000873,SYNTH_ISL_00000873,A/Synthetic_duck/SYN/000873/2021,A_/_H5N1,avian,759
SYNTH0000874,SYNTH_ISL_00000874,A/Synthetic_chicken/SYN/000874/2021,A_/_H5N1,avian,759
SYNTH0000875,SYNTH_ISL_00000875,A/Synthetic_tern/SYN/000875/2022,A_/_H5N1,avian,759
SYNTH0000876,SYNTH_ISL_00000876,A/Synthetic_duck/SYN/000876/2024,A_/_H5N1,avian,759
SYNTH0000877,SYNTH_ISL_00000877,A/Synthetic_tern/SYN/000877/2024,A_/_H5N1,avian,759
SYNTH0000878,SYNTH_ISL_00000878,A/Synthetic_chicken/SYN/000878/2024,A_/_H5N1,avian,759
SYNTH0000879,SYNTH_ISL_00000879,A/Synthetic_duck/SYN/000879/2023,A_/_H5N1,avian,759
SYNTH0000880,SYNTH_ISL_00000880,A/Synthetic_chicken/SYN/000880/2021,A_/_H5N1,avian,471
SYNTH0000881,SYNTH_ISL_00000881,A/Synthetic_tern/SYN/000881/2021,A_/_H5N1,avian,759
SYNTH0000882,SYNTH_ISL_00000882,A/Synthetic_chicken/SYN/000882/2022,A_/_H5N1,avian,759
SYNTH0000883,SYNTH_ISL_00000883,A/Synthetic_tern/SYN/000883/2022,A_/_H5N1,avian,759
SYNTH0000884,SYNTH_ISL_00000884,A/Synthetic_duck/SYN/000884/2024,A_/_H5N1,avian,759
SYNTH0000885,SYNTH_ISL_00000885,A/Synthetic_duck/SYN/000885/2022,A_/_H5N1,avian,759
SYNTH0000886,SYNTH_ISL_00000886,A/Synthetic_tern/SYN/000886/2024,A_/_H5N1,avian,759
SYNTH0000887,SYNTH_ISL_00000887,A/Synthetic_tern/SYN/000887/2025,A_/_H5N1,avian,759
SYNTH0000888,SYNTH_ISL_00000888,A/Synthetic_duck/SYN/000888/2025,A_/_H5N1,avian,759
SYNTH0000889,SYNTH_ISL_00000889,A/Synthetic_chicken/SYN/000889/2022,A_/_H5N1,avian,759
SYNTH0000890,SYNTH_ISL_00000890,A/Synthetic_tern/SYN/000890/2021,A_/_H5N1,avian,759
SYNTH0000891,SYNTH_ISL_00000891,A/Synthetic_tern/SYN/000891/2022,A_/_H5N1,avian,759
SYNTH0000892,SYNTH_ISL_00000892,A/Synthetic_chicken/SYN/000892/2024,A_/_H5N1,avian,759
SYNTH0000893,SYNTH_ISL_00000893,A/Synthetic_tern/SYN/000893/2024,A_/_H5N1,avian,759
SYNTH0000894,SYNTH_ISL_00000894,A/Synthetic_tern/SYN/000894/2023,A_/_H5N1,avian,759
SYNTH0000895,SYNTH_ISL_00000895,A/Synthetic_tern/SYN/000895/2024,A_/_H5N1,avian,759
SYNTH0000896,SYNTH_ISL_00000896,A/Synthetic_duck/SYN/000896/2023,A_/_H5N1,avian,759
SYNTH0000897,SYNTH_ISL_00000897,A/Synthetic_tern/SYN/000897/2022,A_/_H5N1,avian,759
SYNTH0000898,SYNTH_ISL_00000898,A/Synthetic_tern/SYN/000898/2023,A_/_H5N1,avian,759
SYNTH0000899,SYNTH_ISL_00000899,A/Synthetic_tern/SYN/000899/2021,A_/_H5N1,avian,759
SYNTH0000900,SYNTH_ISL_00000900,A/Synthetic_duck/SYN/000900/2021,A_/_H5N1,avian,759
SYNTH0000901,SYNTH_ISL_00000901,A/Synthetic_chicken/SYN/000901/2022,A_/_H5N1,avian,759
SYNTH0000902,SYNTH_ISL_00000902,A/Synthetic_chicken/SYN/000902/2025,A_/_H5N1,avian,759
SYNTH0000903,SYNTH_ISL_00000903,A/Synthetic_tern/SYN/000903/2022,A_/_H5N1,avian,759
SYNTH0000904,SYNTH_ISL_00000904,A/Synthetic_duck/SYN/000904/2022,A_/_H5N1,avian,759
SYNTH0000905,SYNTH_ISL_00000905,A/Synthetic_tern/SYN/000905/2022,A_/_H5N1,avian,759
SYNTH0000906,SYNTH_ISL_00000906,A/Synthetic_duck/SYN/000906/2023,A_/_H5N1,avian,759
SYNTH0000907,SYNTH_ISL_00000907,A/Synthetic_duck/SYN/000907/2024,A_/_H5N1,avian,759
SYNTH0000908,SYNTH_ISL_00000908,A/Synthetic_duck/SYN/000908/2021,A_/_H5N1,avian,759
SYNTH0000909,SYNTH_ISL_00000909,A/Synthetic_chicken/SYN/000909/2024,A_/_H5N1,avian,759
SYNTH0000910,SYNTH_ISL_00000910,A/Synthetic_tern/SYN/000910/2024,A_/_H5N1,avian,759
SYNTH0000911,SYNTH_ISL_00000911,A/Synthetic_duck/SYN/000911/2024,A_/_H5N1,avian,759
SYNTH0000912,SYNTH_ISL_00000912,A/Synthetic_duck/SYN/000912/2024,A_/_H5N1,avian,759
SYNTH0000913,SYNTH_ISL_00000913,A/Synthetic_tern/SYN/000913/2021,A_/_H5N1,avian,759
SYNTH0000914,SYNTH_ISL_00000914,A/Synthetic_chicken/SYN/000914/2023,A_/_H5N1,avian,759
SYNTH0000915,SYNTH_ISL_00000915,A/Synthetic_chicken/SYN/000915/2025,A_/_H5N1,avian,759
SYNTH0000916,SYNTH_ISL_00000916,A/Synthetic_duck/SYN/000916/2025,A_/_H5N1,avian,759
SYNTH0000917,SYNTH_ISL_00000917,A/Synthetic_duck/SYN/000917/2025,A_/_H5N1,avian,759
SYNTH0000918,SYNTH_ISL_00000918,A/Synthetic_tern/SYN/000918/2021,A_/_H5N1,avian,759
SYNTH0000919,SYNTH_ISL_00000919,A/Synthetic_tern/SYN/000919/2023,A_/_H5N1,avian,759
SYNTH0000920,SYNTH_ISL_00000920,A/Synthetic_chicken/SYN/000920/2024,A_/_H5N1,avian,759
SYNTH0000921,SYNTH_ISL_00000921,A/Synthetic_duck/SYN/000921/2021,A_/_H5N1,avian,759
SYNTH0000922,SYNTH_ISL_00000922,A/Synthetic_tern/SYN/000922/2022,A_/_H5N1,avian,759
SYNTH0000923,SYNTH_ISL_00000923,A/Synthetic_chicken/SYN/000923/2024,A_/_H5N1,avian,759
SYNTH0000924,SYNTH_ISL_00000924,A/Synthetic_chicken/SYN/000924/2024,A_/_H5N1,avian,759
SYNTH0000925,SYNTH_ISL_00000925,A/Synthetic_chicken/SYN/000925/2022,A_/_H5N1,avian,759
SYNTH0000926,SYNTH_ISL_00000926,A/Synthetic_tern/SYN/000926/2025,A_/_H5N1,avian,759
SYNTH0000927,SYNTH_ISL_00000927,A/Synthetic_tern/SYN/000927/2025,A_/_H5N1,avian,759
SYNTH0000928,SYNTH_ISL_00000928,A/Synthetic_chicken/SYN/000928/2025,A_/_H5N1,avian,759
SYNTH0000929,SYNTH_ISL_00000929,A/Synthetic_chicken/SYN/000929/2022,A_/_H5N1,avian,759
SYNTH0000930,SYNTH_ISL_00000930,A/Synthetic_tern/SYN/000930/2023,A_/_H5N1,avian,759
SYNTH0000931,SYNTH_ISL_00000931,A/Synthetic_tern/SYN/000931/2025,A_/_H5N1,avian,759
SYNTH0000932,SYNTH_ISL_00000932,A/Synthetic_tern/SYN/000932/2023,A_/_H5N1,avian,759
SYNTH0000933,SYNTH_ISL_00000933,A/Synthetic_duck/SYN/000933/2025,A_/_H5N1,avian,759
SYNTH0000934,SYNTH_ISL_00000934,A/Synthetic_tern/SYN/000934/2021,A_/_H5N1,avian,759
SYNTH0000935,SYNTH_ISL_00000935,A/Synthetic_duck/SYN/000935/2021,A_/_H5N1,avian,759
SYNTH0000936,SYNTH_ISL_00000936,A/Synthetic_tern/SYN/000936/2022,A_/_H5N1,avian,759
SYNTH0000937,SYNTH_ISL_00000937,A/Synthetic_chicken/SYN/000937/2022,A_/_H5N1,avian,759
SYNTH0000938,SYNTH_ISL_00000938,A/Synthetic_duck/SYN/000938/2022,A_/_H5N1,avian,759
SYNTH0000939,SYNTH_ISL_00000939,A/Synthetic_tern/SYN/000939/2024,A_/_H5N1,avian,759
SYNTH0000940,SYNTH_ISL_00000940,A/Synthetic_tern/SYN/000940/2023,A_/_H5N1,avian,759
SYNTH0000941,SYNTH_ISL_00000941,A/Synthetic_duck/SYN/000941/2024,A_/_H5N1,avian,759
SYNTH0000942,SYNTH_ISL_00000942,A/Synthetic_chicken/SYN/000942/2024,A_/_H5N1,avian,759
SYNTH0000943,SYNTH_ISL_00000943,A/Synthetic_duck/SYN/000943/2023,A_/_H5N1,avian,759
SYNTH0000944,SYNTH_ISL_00000944,A/Synthetic_duck/SYN/000944/2023,A_/_H5N1,avian,759
SYNTH0000945,SYNTH_ISL_00000945,A/Synthetic_tern/SYN/000945/2021,A_/_H5N1,avian,759
SYNTH0000946,SYNTH_ISL_00000946,A/Synthetic_duck/SYN/000946/2023,A_/_H5N1,avian,759
SYNTH0000947,SYNTH_ISL_00000947,A/Synthetic_tern/SYN/000947/2024,A_/_H5N1,avian,759
SYNTH0000948,SYNTH_ISL_00000948,A/Synthetic_duck/SYN/000948/2022,A_/_H5N1,avian,759
SYNTH0000949,SYNTH_ISL_00000949,A/Synthetic_duck/SYN/000949/2023,A_/_H5N1,avian,759
SYNTH0000950,SYNTH_ISL_00000950,A/Synthetic_tern/SYN/000950/2022,A_/_H5N1,avian,759
SYNTH0000951,SYNTH_ISL_00000951,A/Synthetic_duck/SYN/000951/2023,A_/_H5N1,avian,759
SYNTH0000952,SYNTH_ISL_00000952,A/Synthetic_chicken/SYN/000952/2021,A_/_H5N1,avian,759
SYNTH0000953,SYNTH_ISL_00000953,A/Synthetic_duck/SYN/000953/2021,A_/_H5N1,avian,759
SYNTH0000954,SYNTH_ISL_00000954,A/Synthetic_chicken/SYN/000954/2024,A_/_H5N1,avian,759
SYNTH0000955,SYNTH_ISL_00000955,A/Synthetic_duck/SYN/000955/2022,A_/_H5N1,avian,759
SYNTH0000956,SYNTH_ISL_00000956,A/Synthetic_chicken/SYN/000956/2023,A_/_H5N1,avian,759
SYNTH0000957,SYNTH_ISL_00000957,A/Synthetic_duck/SYN/000957/2021,A_/_H5N1,avian,759
SYNTH0000958,SYNTH_ISL_00000958,A/Synthetic_duck/SYN/000958/2021,A_/_H5N1,avian,759
SYNTH0000959,SYNTH_ISL_00000959,A/Synthetic_tern/SYN/000959/2022,A_/_H5N1,avian,759
SYNTH0000960,SYNTH_ISL_00000960,A/Synthetic_tern/SYN/000960/2023,A_/_H5N1,avian,759
SYNTH0000961,SYNTH_ISL_00000961,A/Synthetic_chicken/SYN/000961/2024,A_/_H5N1,avian,759
SYNTH0000962,SYNTH_ISL_00000962,A/Synthetic_tern/SYN/000962/2021,A_/_H5N1,avian,608
SYNTH0000963,SYNTH_ISL_00000963,A/Synthetic_chicken/SYN/000963/2022,A_/_H5N1,avian,759
SYNTH0000964,SYNTH_ISL_00000964,A/Synthetic_tern/SYN/000964/2024,A_/_H5N1,avian,471
SYNTH0000965,SYNTH_ISL_00000965,A/Synthetic_chicken/SYN/000965/2024,A_/_H5N1,avian,759
SYNTH0000966,SYNTH_ISL_00000966,A/Synthetic_duck/SYN/000966/2021,A_/_H5N1,avian,759
SYNTH0000967,SYNTH_ISL_00000967,A/Synthetic_chicken/SYN/000967/2021,A_/_H5N1,avian,759
SYNTH0000968,SYNTH_ISL_00000968,A/Synthetic_duck/SYN/000968/2023,A_/_H5N1,avian,759
SYNTH0000969,SYNTH_ISL_00000969,A/Synthetic_chicken/SYN/000969/2022,A_/_H5N1,avian,759
SYNTH0000970,SYNTH_ISL_00000970,A/Synthetic_tern/SYN/000970/2021,A_/_H5N1,avian,759
SYNTH0000971,SYNTH_ISL_00000971,A/Synthetic_chicken/SYN/000971/2024,A_/_H5N1,avian,759
SYNTH0000972,SYNTH_ISL_00000972,A/Synthetic_chicken/SYN/000972/2022,A_/_H5N1,avian,759
SYNTH0000973,SYNTH_ISL_00000973,A/Synthetic_tern/SYN/000973/2024,A_/_H5N1,avian,759
SYNTH0000974,SYNTH_ISL_00000974,A/Synthetic_chicken/SYN/000974/2021,A_/_H5N1,avian,759
SYNTH0000975,SYNTH_ISL_00000975,A/Synthetic_chicken/SYN/000975/2025,A_/_H5N1,avian,759
SYNTH0000976,SYNTH_ISL_00000976,A/Synthetic_duck/SYN/000976/2024,A_/_H5N1,avian,759
SYNTH0000977,SYNTH_ISL_00000977,A/Synthetic_chicken/SYN/000977/2022,A_/_H5N1,avian,759
SYNTH0000978,SYNTH_ISL_00000978,A/Synthetic_chicken/SYN/000978/2022,A_/_H5N1,avian,759
SYNTH0000979,SYNTH_ISL_00000979,A/Synthetic_tern/SYN/000979/2025,A_/_H5N1,avian,759
SYNTH0000980,SYNTH_ISL_00000980,A/Synthetic_tern/SYN/000980/2021,A_/_H5N1,avian,759
SYNTH0000981,SYNTH_ISL_00000981,A/Synthetic_tern/SYN/000981/2023,A_/_H5N1,avian,759
SYNTH0000982,SYNTH_ISL_00000982,A/Synthetic_tern/SYN/000982/2025,A_/_H5N1,avian,759
SYNTH0000983,SYNTH_ISL_00000983,A/Synthetic_duck/SYN/000983/2023,A_/_H5N1,avian,759
SYNTH0000984,SYNTH_ISL_00000984,A/Synthetic_chicken/SYN/000984/2024,A_/_H5N1,avian,759
SYNTH0000985,SYNTH_ISL_00000985,A/Synthetic_chicken/SYN/000985/2024,A_/_H5N1,avian,759
SYNTH0000986,SYNTH_ISL_00000986,A/Synthetic_chicken/SYN/000986/2025,A_/_H5N1,avian,759
SYNTH0000987,SYNTH_ISL_00000987,A/Synthetic_chicken/SYN/000987/2023,A_/_H5N1,avian,759
SYNTH0000988,SYNTH_ISL_00000988,A/Synthetic_chicken/SYN/000988/2024,A_/_H5N1,avian,759
SYNTH0000989,SYNTH_ISL_00000989,A/Synthetic_tern/SYN/000989/2024,A_/_H5N1,avian,759
SYNTH0000990,SYNTH_ISL_00000990,A/Synthetic_tern/SYN/000990/2022,A_/_H5N1,avian,759
SYNTH0000991,SYNTH_ISL_00000991,A/Synthetic_chicken/SYN/000991/2021,A_/_H5N1,avian,759
SYNTH0000992,SYNTH_ISL_00000992,A/Synthetic_chicken/SYN/000992/2023,A_/_H5N1,avian,759
SYNTH0000993,SYNTH_ISL_00000993,A/Synthetic_chicken/SYN/000993/2024,A_/_H5N1,avian,759
SYNTH0000994,SYNTH_ISL_00000994,A/Synthetic_tern/SYN/000994/2025,A_/_H5N1,avian,759
SYNTH0000995,SYNTH_ISL_00000995,A/Synthetic_duck/SYN/000995/2024,A_/_H5N1,avian,759
SYNTH0000996,SYNTH_ISL_00000996,A/Synthetic_tern/SYN/000996/2025,A_/_H5N1,avian,759
SYNTH0000997,SYNTH_ISL_00000997,A/Synthetic_duck/SYN/000997/2021,A_/_H5N1,avian,759
SYNTH0000998,SYNTH_ISL_00000998,A/Synthetic_tern/SYN/000998/2022,A_/_H5N1,avian,759
SYNTH0000999,SYNTH_ISL_00000999,A/Synthetic_chicken/SYN/000999/2025,A_/_H5N1,avian,759
SYNTH0001000,SYNTH_ISL_00001000,A/Synthetic_tern/SYN/001000/2021,A_/_H5N1,avian,759
SYNTH0001001,SYNTH_ISL_00001001,A/Synthetic_duck/SYN/001001/2022,A_/_H5N1,avian,759
SYNTH0001002,SYNTH_ISL_00001002,A/Synthetic_chicken/SYN/001002/2024,A_/_H5N1,avian,759
SYNTH0001003,SYNTH_ISL_00001003,A/Synthetic_tern/SYN/001003/2025,A_/_H5N1,avian,759
SYNTH0001004,SYNTH_ISL_00001004,A/Synthetic_tern/SYN/001004/2022,A_/_H5N1,avian,759
SYNTH0001005,SYNTH_ISL_00001005,A/Synthetic_tern/SYN/001005/2022,A_/_H5N1,avian,759
SYNTH0001006,SYNTH_ISL_00001006,A/Synthetic_chicken/SYN/001006/2024,A_/_H5N1,avian,759
SYNTH0001007,SYNTH_ISL_00001007,A/Synthetic_tern/SYN/001007/2025,A_/_H5N1,avian,759
SYNTH0001008,SYNTH_ISL_00001008,A/Synthetic_tern/SYN/001008/2023,A_/_H5N1,avian,759
SYNTH0001009,SYNTH_ISL_00001009,A/Synthetic_chicken/SYN/001009/2023,A_/_H5N1,avian,759
SYNTH0001010,SYNTH_ISL_00001010,A/Synthetic_chicken/SYN/001010/2021,A_/_H5N1,avian,759
SYNTH0001011,SYNTH_ISL_00001011,A/Synthetic_duck/SYN/001011/2023,A_/_H5N1,avian,759
SYNTH0001012,SYNTH_ISL_00001012,A/Synthetic_duck/SYN/001012/2025,A_/_H5N1,avian,759
SYNTH0001013,SYNTH_ISL_00001013,A/Synthetic_duck/SYN/001013/2024,A_/_H5N1,avian,759
SYNTH0001014,SYNTH_ISL_00001014,A/Synthetic_chicken/SYN/001014/2024,A_/_H5N1,avian,759
SYNTH0001015,SYNTH_ISL_00001015,A/Synthetic_chicken/SYN/001015/2023,A_/_H5N1,avian,759
SYNTH0001016,SYNTH_ISL_00001016,A/Synthetic_chicken/SYN/001016/2025,A_/_H5N1,avian,759
SYNTH0001017,SYNTH_ISL_00001017,A/Synthetic_chicken/SYN/001017/2022,A_/_H5N1,avian,759
SYNTH0001018,SYNTH_ISL_00001018,A/Synthetic_chicken/SYN/001018/2021,A_/_H5N1,avian,759
SYNTH0001019,SYNTH_ISL_00001019,A/Synthetic_chicken/SYN/001019/2022,A_/_H5N1,avian,759
SYNTH0001020,SYNTH_ISL_00001020,A/Synthetic_duck/SYN/001020/2024,A_/_H5N1,avian,759
SYNTH0001021,SYNTH_ISL_00001021,A/Synthetic_chicken/SYN/001021/2021,A_/_H5N1,avian,759
SYNTH0001022,SYNTH_ISL_00001022,A/Synthetic_tern/SYN/001022/2024,A_/_H5N1,avian,759
SYNTH0001023,SYNTH_ISL_00001023,A/Synthetic_chicken/SYN/001023/2024,A_/_H5N1,avian,759
SYNTH0001024,SYNTH_ISL_00001024,A/Synthetic_duck/SYN/001024/2023,A_/_H5N1,avian,759
SYNTH0001025,SYNTH_ISL_00001025,A/Synthetic_tern/SYN/001025/2023,A_/_H5N1,avian,759
SYNTH0001026,SYNTH_ISL_00001026,A/Synthetic_tern/SYN/001026/2021,A_/_H5N1,avian,759
SYNTH0001027,SYNTH_ISL_00001027,A/Synthetic_tern/SYN/001027/2021,A_/_H5N1,avian,759
SYNTH0001028,SYNTH_ISL_00001028,A/Synthetic_chicken/SYN/001028/2024,A_/_H5N1,avian,759
SYNTH0001029,SYNTH_ISL_00001029,A/Synthetic_duck/SYN/001029/2023,A_/_H5N1,avian,759
SYNTH0001030,SYNTH_ISL_00001030,A/Synthetic_duck/SYN/001030/2021,A_/_H5N1,avian,759
SYNTH0001031,SYNTH_ISL_00001031,A/Synthetic_duck/SYN/001031/2025,A_/_H5N1,avian,759
SYNTH0001032,SYNTH_ISL_00001032,A/Synthetic_tern/SYN/001032/2025,A_/_H5N1,avian,759
SYNTH0001033,SYNTH_ISL_00001033,A/Synthetic_duck/SYN/001033/2025,A_/_H5N1,avian,759
SYNTH0001034,SYNTH_ISL_00001034,A/Synthetic_chicken/SYN/001034/2025,A_/_H5N1,avian,759
SYNTH0001035,SYNTH_ISL_00001035,A/Synthetic_chicken/SYN/001035/2022,A_/_H5N1,avian,539
SYNTH0001036,SYNTH_ISL_00001036,A/Synthetic_chicken/SYN/001036/2022,A_/_H5N1,avian,759
SYNTH0001037,SYNTH_ISL_00001037,A/Synthetic_tern/SYN/001037/2021,A_/_H5N1,avian,759
SYNTH0001038,SYNTH_ISL_00001038,A/Synthetic_chicken/SYN/001038/2024,A_/_H5N1,avian,759
SYNTH0001039,SYNTH_ISL_00001039,A/Synthetic_tern/SYN/001039/2023,A_/_H5N1,avian,759
SYNTH0001040,SYNTH_ISL_00001040,A/Synthetic_tern/SYN/001040/2022,A_/_H5N1,avian,759
SYNTH0001041,SYNTH_ISL_00001041,A/Synthetic_chicken/SYN/001041/2022,A_/_H5N1,avian,759
SYNTH0001042,SYNTH_ISL_00001042,A/Synthetic_chicken/SYN/001042/2021,A_/_H5N1,avian,759
SYNTH0001043,SYNTH_ISL_00001043,A/Synthetic_tern/SYN/001043/2024,A_/_H5N1,avian,759
SYNTH0001044,SYNTH_ISL_00001044,A/Synthetic_duck/SYN/001044/2024,A_/_H5N1,avian,759
SYNTH0001045,SYNTH_ISL_00001045,A/Synthetic_chicken/SYN/001045/2025,A_/_H5N1,avian,759
SYNTH0001046,SYNTH_ISL_00001046,A/Synthetic_chicken/SYN/001046/2024,A_/_H5N1,avian,759
SYNTH0001047,SYNTH_ISL_00001047,A/Synthetic_tern/SYN/001047/2021,A_/_H5N1,avian,759
SYNTH0001048,SYNTH_ISL_00001048,A/Synthetic_chicken/SYN/001048/2022,A_/_H5N1,avian,759
SYNTH0001049,SYNTH_ISL_00001049,A/Synthetic_duck/SYN/001049/2024,A_/_H5N1,avian,759
SYNTH0001050,SYNTH_ISL_00001050,A/Synthetic_tern/SYN/001050/2023,A_/_H5N1,avian,759
SYNTH0001051,SYNTH_ISL_00001051,A/Synthetic_duck/SYN/001051/2022,A_/_H5N1,avian,759
SYNTH0001052,SYNTH_ISL_00001052,A/Synthetic_chicken/SYN/001052/2022,A_/_H5N1,avian,759
SYNTH0001053,SYNTH_ISL_00001053,A/Synthetic_tern/SYN/001053/2021,A_/_H5N1,avian,759
SYNTH0001054,SYNTH_ISL_00001054,A/Synthetic_chicken/SYN/001054/2024,A_/_H5N1,avian,759
SYNTH0001055,SYNTH_ISL_00001055,A/Synthetic_duck/SYN/001055/2021,A_/_H5N1,avian,759
SYNTH0001056,SYNTH_ISL_00001056,A/Synthetic_chicken/SYN/001056/2024,A_/_H5N1,avian,759
SYNTH0001057,SYNTH_ISL_00001057,A/Synthetic_duck/SYN/001057/2021,A_/_H5N1,avian,759
SYNTH0001058,SYNTH_ISL_00001058,A/Synthetic_tern/SYN/001058/2023,A_/_H5N1,avian,759
SYNTH0001059,SYNTH_ISL_00001059,A/Synthetic_tern/SYN/001059/2025,A_/_H5N1,avian,759
SYNTH0001060,SYNTH_ISL_00001060,A/Synthetic_duck/SYN/001060/2022,A_/_H5N1,avian,759
SYNTH0001061,SYNTH_ISL_00001061,A/Synthetic_chicken/SYN/001061/2023,A_/_H5N1,avian,759
SYNTH0001062,SYNTH_ISL_00001062,A/Synthetic_chicken/SYN/001062/2023,A_/_H5N1,avian,759
SYNTH0001063,SYNTH_ISL_00001063,A/Synthetic_chicken/SYN/001063/2021,A_/_H5N1,avian,759
SYNTH0001064,SYNTH_ISL_00001064,A/Synthetic_duck/SYN/001064/2025,A_/_H5N1,avian,759
SYNTH0001065,SYNTH_ISL_00001065,A/Synthetic_chicken/SYN/001065/2021,A_/_H5N1,avian,759
SYNTH0001066,SYNTH_ISL_00001066,A/Synthetic_chicken/SYN/001066/2021,A_/_H5N1,avian,347
SYNTH0001067,SYNTH_ISL_00001067,A/Synthetic_chicken/SYN/001067/2022,A_/_H5N1,avian,759
SYNTH0001068,SYNTH_ISL_00001068,A/Synthetic_duck/SYN/001068/2021,A_/_H5N1,avian,759
SYNTH0001069,SYNTH_ISL_00001069,A/Synthetic_swine/SYN/001069/2021,A_/_H5N1,mammal,186
SYNTH0001070,SYNTH_ISL_00001070,A/Synthetic_dairy_cow/SYN/001070/2024,A_/_H5N1,mammal,759
SYNTH0001071,SYNTH_ISL_00001071,A/Synthetic_dairy_cow/SYN/001071/2023,A_/_H5N1,mammal,759
SYNTH0001072,SYNTH_ISL_00001072,A/Synthetic_swine/SYN/001072/2021,A_/_H5N1,mammal,759
SYNTH0001073,SYNTH_ISL_00001073,A/Synthetic_cat/SYN/001073/2024,A_/_H5N1,mammal,759
SYNTH0001074,SYNTH_ISL_00001074,A/Synthetic_swine/SYN/001074/2024,A_/_H5N1,mammal,556
SYNTH0001075,SYNTH_ISL_00001075,A/Synthetic_dairy_cow/SYN/001075/2023,A_/_H5N1,mammal,759
SYNTH0001076,SYNTH_ISL_00001076,A/Synthetic_dairy_cow/SYN/001076/2023,A_/_H5N1,mammal,759
SYNTH0001077,SYNTH_ISL_00001077,A/Synthetic_dairy_cow/SYN/001077/2021,A_/_H5N1,mammal,759
SYNTH0001078,SYNTH_ISL_00001078,A/Synthetic_cat/SYN/001078/2022,A_/_H5N1,mammal,759
SYNTH0001079,SYNTH_ISL_00001079,A/Synthetic_swine/SYN/001079/2024,A_/_H5N1,mammal,759
SYNTH0001080,SYNTH_ISL_00001080,A/Synthetic_swine/SYN/001080/2021,A_/_H5N1,mammal,759
SYNTH0001081,SYNTH_ISL_00001081,A/Synthetic_swine/SYN/001081/2022,A_/_H5N1,mammal,759
SYNTH0001082,SYNTH_ISL_00001082,A/Synthetic_cat/SYN/001082/2025,A_/_H5N1,mammal,759
SYNTH0001083,SYNTH_ISL_00001083,A/Synthetic_cat/SYN/001083/2021,A_/_H5N1,mammal,759
SYNTH0001084,SYNTH_ISL_00001084,A/Synthetic_cat/SYN/001084/2023,A_/_H5N1,mammal,759
SYNTH0001085,SYNTH_ISL_00001085,A/Synthetic_swine/SYN/001085/2023,A_/_H5N1,mammal,759
SYNTH0001086,SYNTH_ISL_00001086,A/Synthetic_cat/SYN/001086/2023,A_/_H5N1,mammal,759
SYNTH0001087,SYNTH_ISL_00001087,A/Synthetic_dairy_cow/SYN/001087/2021,A_/_H5N1,mammal,759
SYNTH0001088,SYNTH_ISL_00001088,A/Synthetic_dairy_cow/SYN/001088/2021,A_/_H5N1,mammal,759
SYNTH0001089,SYNTH_ISL_00001089,A/Synthetic_swine/SYN/001089/2021,A_/_H5N1,mammal,759
SYNTH0001090,SYNTH_ISL_00001090,A/Synthetic_swine/SYN/001090/2025,A_/_H5N1,mammal,759
SYNTH0001091,SYNTH_ISL_00001091,A/Synthetic_cat/SYN/001091/2022,A_/_H5N1,mammal,759
SYNTH0001092,SYNTH_ISL_00001092,A/Synthetic_dairy_cow/SYN/001092/2022,A_/_H5N1,mammal,759
SYNTH0001093,SYNTH_ISL_00001093,A/Synthetic_swine/SYN/001093/2025,A_/_H5N1,mammal,759
SYNTH0001094,SYNTH_ISL_00001094,A/Synthetic_cat/SYN/001094/2021,A_/_H5N1,mammal,759
SYNTH0001095,SYNTH_ISL_00001095,A/Synthetic_dairy_cow/SYN/001095/2025,A_/_H5N1,mammal,759
SYNTH0001096,SYNTH_ISL_00001096,A/Synthetic_swine/SYN/001096/2023,A_/_H5N1,mammal,759
SYNTH0001097,SYNTH_ISL_00001097,A/Synthetic_dairy_cow/SYN/001097/2022,A_/_H5N1,mammal,759
SYNTH0001098,SYNTH_ISL_00001098,A/Synthetic_swine/SYN/001098/2023,A_/_H5N1,mammal,759
SYNTH0001099,SYNTH_ISL_00001099,A/Synthetic_dairy_cow/SYN/001099/2023,A_/_H5N1,mammal,759
SYNTH0001100,SYNTH_ISL_00001100,A/Synthetic_cat/SYN/001100/2022,A_/_H5N1,mammal,759
SYNTH0001101,SYNTH_ISL_00001101,A/Synthetic_dairy_cow/SYN/001101/2024,A_/_H5N1,mammal,759
SYNTH0001102,SYNTH_ISL_00001102,A/Synthetic_dairy_cow/SYN/001102/2024,A_/_H5N1,mammal,759
SYNTH0001103,SYNTH_ISL_00001103,A/Synthetic_dairy_cow/SYN/001103/2022,A_/_H5N1,mammal,759
SYNTH0001104,SYNTH_ISL_00001104,A/Synthetic_dairy_cow/SYN/001104/2025,A_/_H5N1,mammal,759
SYNTH0001105,SYNTH_ISL_00001105,A/Synthetic_swine/SYN/001105/2025,A_/_H5N1,mammal,759
SYNTH0001106,SYNTH_ISL_00001106,A/Synthetic_dairy_cow/SYN/001106/2023,A_/_H5N1,mammal,759
SYNTH0001107,SYNTH_ISL_00001107,A/Synthetic_swine/SYN/001107/2021,A_/_H5N1,mammal,720
SYNTH0001108,SYNTH_ISL_00001108,A/Synthetic_cat/SYN/001108/2022,A_/_H5N1,mammal,759
SYNTH0001109,SYNTH_ISL_00001109,A/Synthetic_cat/SYN/001109/2023,A_/_H5N1,mammal,759
SYNTH0001110,SYNTH_ISL_00001110,A/Synthetic_swine/SYN/001110/2024,A_/_H5N1,mammal,759
SYNTH0001111,SYNTH_ISL_00001111,A/Synthetic_swine/SYN/001111/2023,A_/_H5N1,mammal,759
SYNTH0001112,SYNTH_ISL_00001112,A/Synthetic_dairy_cow/SYN/001112/2024,A_/_H5N1,mammal,759
SYNTH0001113,SYNTH_ISL_00001113,A/Synthetic_swine/SYN/001113/2023,A_/_H5N1,mammal,759
SYNTH0001114,SYNTH_ISL_00001114,A/Synthetic_cat/SYN/001114/2025,A_/_H5N1,mammal,759
SYNTH0001115,SYNTH_ISL_00001115,A/Synthetic_dairy_cow/SYN/001115/2025,A_/_H5N1,mammal,759
SYNTH0001116,SYNTH_ISL_00001116,A/Synthetic_swine/SYN/001116/2023,A_/_H5N1,mammal,759
SYNTH0001117,SYNTH_ISL_00001117,A/Synthetic_swine/SYN/001117/2022,A_/_H5N1,mammal,759
SYNTH0001118,SYNTH_ISL_00001118,A/Synthetic_dairy_cow/SYN/001118/2025,A_/_H5N1,mammal,759
SYNTH0001119,SYNTH_ISL_00001119,A/Synthetic_cat/SYN/001119/2021,A_/_H5N1,mammal,759
SYNTH0001120,SYNTH_ISL_00001120,A/Synthetic_swine/SYN/001120/2025,A_/_H5N1,mammal,759
SYNTH0001121,SYNTH_ISL_00001121,A/Synthetic_cat/SYN/001121/2021,A_/_H5N1,mammal,759
SYNTH0001122,SYNTH_ISL_00001122,A/Synthetic_dairy_cow/SYN/001122/2023,A_/_H5N1,mammal,759
SYNTH0001123,SYNTH_ISL_00001123,A/Synthetic_dairy_cow/SYN/001123/2023,A_/_H5N1,mammal,759
SYNTH0001124,SYNTH_ISL_00001124,A/Synthetic_dairy_cow/SYN/001124/2021,A_/_H5N1,mammal,759
SYNTH0001125,SYNTH_ISL_00001125,A/Synthetic_cat/SYN/001125/2023,A_/_H5N1,mammal,759
SYNTH0001126,SYNTH_ISL_00001126,A/Synthetic_swine/SYN/001126/2022,A_/_H5N1,mammal,759
SYNTH0001127,SYNTH_ISL_00001127,A/Synthetic_dairy_cow/SYN/001127/2023,A_/_H5N1,mammal,759
SYNTH0001128,SYNTH_ISL_00001128,A/Synthetic_dairy_cow/SYN/001128/2021,A_/_H5N1,mammal,759
SYNTH0001129,SYNTH_ISL_00001129,A/Synthetic_swine/SYN/001129/2024,A_/_H5N1,mammal,759
SYNTH0001130,SYNTH_ISL_00001130,A/Synthetic_swine/SYN/001130/2024,A_/_H5N1,mammal,759
SYNTH0001131,SYNTH_ISL_00001131,A/Synthetic_swine/SYN/001131/2025,A_/_H5N1,mammal,759
SYNTH0001132,SYNTH_ISL_00001132,A/Synthetic_swine/SYN/001132/2025,A_/_H5N1,mammal,759
SYNTH0001133,SYNTH_ISL_00001133,A/Synthetic_cat/SYN/001133/2022,A_/_H5N1,mammal,759
SYNTH0001134,SYNTH_ISL_00001134,A/Synthetic_dairy_cow/SYN/001134/2021,A_/_H5N1,mammal,759
SYNTH0001135,SYNTH_ISL_00001135,A/Synthetic_swine/SYN/001135/2023,A_/_H5N1,mammal,759
SYNTH0001136,SYNTH_ISL_00001136,A/Synthetic_dairy_cow/SYN/001136/2023,A_/_H5N1,mammal,759
SYNTH0001137,SYNTH_ISL_00001137,A/Synthetic_swine/SYN/001137/2022,A_/_H5N1,mammal,759
SYNTH0001138,SYNTH_ISL_00001138,A/Synthetic_cat/SYN/001138/2021,A_/_H5N1,mammal,759
SYNTH0001139,SYNTH_ISL_00001139,A/Synthetic_cat/SYN/001139/2024,A_/_H5N1,mammal,759
SYNTH0001140,SYNTH_ISL_00001140,A/Synthetic_swine/SYN/001140/2022,A_/_H5N1,mammal,759
SYNTH0001141,SYNTH_ISL_00001141,A/Synthetic_swine/SYN/001141/2022,A_/_H5N1,mammal,759
SYNTH0001142,SYNTH_ISL_00001142,A/Synthetic_swine/SYN/001142/2022,A_/_H5N1,mammal,759
SYNTH0001143,SYNTH_ISL_00001143,A/Synthetic_swine/SYN/001143/2025,A_/_H5N1,mammal,759
SYNTH0001144,SYNTH_ISL_00001144,A/Synthetic_cat/SYN/001144/2025,A_/_H5N1,mammal,759
SYNTH0001145,SYNTH_ISL_00001145,A/Synthetic_swine/SYN/001145/2023,A_/_H5N1,mammal,759
SYNTH0001146,SYNTH_ISL_00001146,A/Synthetic_dairy_cow/SYN/001146/2024,A_/_H5N1,mammal,759
SYNTH0001147,SYNTH_ISL_00001147,A/Synthetic_swine/SYN/001147/2022,A_/_H5N1,mammal,759
SYNTH0001148,SYNTH_ISL_00001148,A/Synthetic_dairy_cow/SYN/001148/2024,A_/_H5N1,mammal,759
SYNTH0001149,SYNTH_ISL_00001149,A/Synthetic_cat/SYN/001149/2025,A_/_H5N1,mammal,759
SYNTH0001150,SYNTH_ISL_00001150,A/Synthetic_dairy_cow/SYN/001150/2021,A_/_H5N1,mammal,759
SYNTH0001151,SYNTH_ISL_00001151,A/Synthetic_cat/SYN/001151/2023,A_/_H5N1,mammal,759
SYNTH0001152,SYNTH_ISL_00001152,A/Synthetic_swine/SYN/001152/2021,A_/_H5N1,mammal,759
SYNTH0001153,SYNTH_ISL_00001153,A/Synthetic_swine/SYN/001153/2024,A_/_H5N1,mammal,759
SYNTH0001154,SYNTH_ISL_00001154,A/Synthetic_cat/SYN/001154/2023,A_/_H5N1,mammal,759
SYNTH0001155,SYNTH_ISL_00001155,A/Synthetic_cat/SYN/001155/2024,A_/_H5N1,mammal,759
SYNTH0001156,SYNTH_ISL_00001156,A/Synthetic_swine/SYN/001156/2023,A_/_H5N1,mammal,759
SYNTH0001157,SYNTH_ISL_00001157,A/Synthetic_dairy_cow/SYN/001157/2023,A_/_H5N1,mammal,759
SYNTH0001158,SYNTH_ISL_00001158,A/Synthetic_swine/SYN/001158/2022,A_/_H5N1,mammal,759
SYNTH0001159,SYNTH_ISL_00001159,A/Synthetic_cat/SYN/001159/2021,A_/_H5N1,mammal,759
SYNTH0001160,SYNTH_ISL_00001160,A/Synthetic_cat/SYN/001160/2021,A_/_H5N1,mammal,759
SYNTH0001161,SYNTH_ISL_00001161,A/Synthetic_swine/SYN/001161/2025,A_/_H5N1,mammal,759
SYNTH0001162,SYNTH_ISL_00001162,A/Synthetic_cat/SYN/001162/2022,A_/_H5N1,mammal,759
SYNTH0001163,SYNTH_ISL_00001163,A/Synthetic_swine/SYN/001163/2025,A_/_H5N1,mammal,759
SYNTH0001164,SYNTH_ISL_00001164,A/Synthetic_cat/SYN/001164/2024,A_/_H5N1,mammal,759
SYNTH0001165,SYNTH_ISL_00001165,A/Synthetic_dairy_cow/SYN/001165/2024,A_/_H5N1,mammal,759
SYNTH0001166,SYNTH_ISL_00001166,A/Synthetic_swine/SYN/001166/2021,A_/_H5N1,mammal,759
SYNTH0001167,SYNTH_ISL_00001167,A/Synthetic_cat/SYN/001167/2025,A_/_H5N1,mammal,759
SYNTH0001168,SYNTH_ISL_00001168,A/Synthetic_cat/SYN/001168/2022,A_/_H5N1,mammal,759
SYNTH0001169,SYNTH_ISL_00001169,A/Synthetic_swine/SYN/001169/2022,A_/_H5N1,mammal,759
SYNTH0001170,SYNTH_ISL_00001170,A/Synthetic_dairy_cow/SYN/001170/2022,A_/_H5N1,mammal,759
SYNTH0001171,SYNTH_ISL_00001171,A/Synthetic_dairy_cow/SYN/001171/2021,A_/_H5N1,mammal,759
SYNTH0001172,SYNTH_ISL_00001172,A/Synthetic_cat/SYN/001172/2024,A_/_H5N1,mammal,759
SYNTH0001173,SYNTH_ISL_00001173,A/Synthetic_cat/SYN/001173/2022,A_/_H5N1,mammal,759
SYNTH0001174,SYNTH_ISL_00001174,A/Synthetic_swine/SYN/001174/2023,A_/_H5N1,mammal,759
SYNTH0001175,SYNTH_ISL_00001175,A/Synthetic_dairy_cow/SYN/001175/2021,A_/_H5N1,mammal,759
SYNTH0001176,SYNTH_ISL_00001176,A/Synthetic_swine/SYN/001176/2025,A_/_H5N1,mammal,759
SYNTH0001177,SYNTH_ISL_00001177,A/Synthetic_swine/SYN/001177/2025,A_/_H5N1,mammal,759
SYNTH0001178,SYNTH_ISL_00001178,A/Synthetic_dairy_cow/SYN/001178/2025,A_/_H5N1,mammal,759
SYNTH0001179,SYNTH_ISL_00001179,A/Synthetic_swine/SYN/001179/2021,A_/_H5N1,mammal,759
SYNTH0001180,SYNTH_ISL_00001180,A/Synthetic_dairy_cow/SYN/001180/2025,A_/_H5N1,mammal,759
SYNTH0001181,SYNTH_ISL_00001181,A/Synthetic_dairy_cow/SYN/001181/2021,A_/_H5N1,mammal,759
SYNTH0001182,SYNTH_ISL_00001182,A/Synthetic_dairy_cow/SYN/001182/2023,A_/_H5N1,mammal,759
SYNTH0001183,SYNTH_ISL_00001183,A/Synthetic_swine/SYN/001183/2024,A_/_H5N1,mammal,759
SYNTH0001184,SYNTH_ISL_00001184,A/Synthetic_cat/SYN/001184/2024,A_/_H5N1,mammal,759
SYNTH0001185,SYNTH_ISL_00001185,A/Synthetic_swine/SYN/001185/2021,A_/_H5N1,mammal,759
SYNTH0001186,SYNTH_ISL_00001186,A/Synthetic_swine/SYN/001186/2022,A_/_H5N1,mammal,759
SYNTH0001187,SYNTH_ISL_00001187,A/Synthetic_cat/SYN/001187/2024,A_/_H5N1,mammal,759
SYNTH0001188,SYNTH_ISL_00001188,A/Synthetic_swine/SYN/001188/2022,A_/_H5N1,mammal,759
SYNTH0001189,SYNTH_ISL_00001189,A/Synthetic_swine/SYN/001189/2023,A_/_H5N1,mammal,759
SYNTH0001190,SYNTH_ISL_00001190,A/Synthetic_dairy_cow/SYN/001190/2023,A_/_H5N1,mammal,759
SYNTH0001191,SYNTH_ISL_00001191,A/Synthetic_swine/SYN/001191/2023,A_/_H5N1,mammal,759
SYNTH0001192,SYNTH_ISL_00001192,A/Synthetic_swine/SYN/001192/2021,A_/_H5N1,mammal,759
SYNTH0001193,SYNTH_ISL_00001193,A/Synthetic_dairy_cow/SYN/001193/2022,A_/_H5N1,mammal,759
SYNTH0001194,SYNTH_ISL_00001194,A/Synthetic_cat/SYN/001194/2024,A_/_H5N1,mammal,759
SYNTH0001195,SYNTH_ISL_00001195,A/Synthetic_swine/SYN/001195/2023,A_/_H5N1,mammal,759
SYNTH0001196,SYNTH_ISL_00001196,A/Synthetic_cat/SYN/001196/2021,A_/_H5N1,mammal,759
SYNTH0001197,SYNTH_ISL_00001197,A/Synthetic_dairy_cow/SYN/001197/2024,A_/_H5N1,mammal,759
SYNTH0001198,SYNTH_ISL_00001198,A/Synthetic_cat/SYN/001198/2023,A_/_H5N1,mammal,759
SYNTH0001199,SYNTH_ISL_00001199,A/Synthetic_cat/SYN/001199/2022,A_/_H5N1,mammal,759
SYNTH0001200,SYNTH_ISL_00001200,A/Synthetic_cat/SYN/001200/2025,A_/_H5N1,mammal,759
SYNTH0001201,SYNTH_ISL_00001201,A/Synthetic_cat/SYN/001201/2025,A_/_H5N1,mammal,317
SYNTH0001202,SYNTH_ISL_00001202,A/Synthetic_dairy_cow/SYN/001202/2021,A_/_H5N1,mammal,759
SYNTH0001203,SYNTH_ISL_00001203,A/Synthetic_swine/SYN/001203/2021,A_/_H5N1,mammal,759
SYNTH0001204,SYNTH_ISL_00001204,A/Synthetic_cat/SYN/001204/2022,A_/_H5N1,mammal,759
SYNTH0001205,SYNTH_ISL_00001205,A/Synthetic_swine/SYN/001205/2025,A_/_H5N1,mammal,759
SYNTH0001206,SYNTH_ISL_00001206,A/Synthetic_dairy_cow/SYN/001206/2021,A_/_H5N1,mammal,759
SYNTH0001207,SYNTH_ISL_00001207,A/Synthetic_swine/SYN/001207/2025,A_/_H5N1,mammal,759
SYNTH0001208,SYNTH_ISL_00001208,A/Synthetic_swine/SYN/001208/2025,A_/_H5N1,mammal,759
SYNTH0001209,SYNTH_ISL_00001209,A/Synthetic_swine/SYN/001209/2022,A_/_H5N1,mammal,759
SYNTH0001210,SYNTH_ISL_00001210,A/Synthetic_swine/SYN/001210/2021,A_/_H5N1,mammal,759
SYNTH0001211,SYNTH_ISL_00001211,A/Synthetic_swine/SYN/001211/2021,A_/_H5N1,mammal,759
SYNTH0001212,SYNTH_ISL_00001212,A/Synthetic_cat/SYN/001212/2022,A_/_H5N1,mammal,759
SYNTH0001213,SYNTH_ISL_00001213,A/Synthetic_cat/SYN/001213/2022,A_/_H5N1,mammal,759
SYNTH0001214,SYNTH_ISL_00001214,A/Synthetic_swine/SYN/001214/2024,A_/_H5N1,mammal,759
SYNTH0001215,SYNTH_ISL_00001215,A/Synthetic_cat/SYN/001215/2021,A_/_H5N1,mammal,759
SYNTH0001216,SYNTH_ISL_00001216,A/Synthetic_dairy_cow/SYN/001216/2022,A_/_H5N1,mammal,759
SYNTH0001217,SYNTH_ISL_00001217,A/Synthetic_dairy_cow/SYN/001217/2022,A_/_H5N1,mammal,759
SYNTH0001218,SYNTH_ISL_00001218,A/Synthetic_swine/SYN/001218/2023,A_/_H5N1,mammal,759
SYNTH0001219,SYNTH_ISL_00001219,A/Synthetic_swine/SYN/001219/2023,A_/_H5N1,mammal,759
SYNTH0001220,SYNTH_ISL_00001220,A/Synthetic_dairy_cow/SYN/001220/2024,A_/_H5N1,mammal,759
SYNTH0001221,SYNTH_ISL_00001221,A/Synthetic_cat/SYN/001221/2025,A_/_H5N1,mammal,759
SYNTH0001222,SYNTH_ISL_00001222,A/Synthetic_dairy_cow/SYN/001222/2021,A_/_H5N1,mammal,759
SYNTH0001223,SYNTH_ISL_00001223,A/Synthetic_cat/SYN/001223/2023,A_/_H5N1,mammal,759
SYNTH0001224,SYNTH_ISL_00001224,A/Synthetic_cat/SYN/001224/2025,A_/_H5N1,mammal,759
SYNTH0001225,SYNTH_ISL_00001225,A/Synthetic_cat/SYN/001225/2021,A_/_H5N1,mammal,759
SYNTH0001226,SYNTH_ISL_00001226,A/Synthetic_swine/SYN/001226/2023,A_/_H5N1,mammal,759
SYNTH0001227,SYNTH_ISL_00001227,A/Synthetic_swine/SYN/001227/2023,A_/_H5N1,mammal,759
SYNTH0001228,SYNTH_ISL_00001228,A/Synthetic_cat/SYN/001228/2023,A_/_H5N1,mammal,759
SYNTH0001229,SYNTH_ISL_00001229,A/Synthetic_cat/SYN/001229/2022,A_/_H5N1,mammal,759
SYNTH0001230,SYNTH_ISL_00001230,A/Synthetic_cat/SYN/001230/2024,A_/_H5N1,mammal,759
SYNTH0001231,SYNTH_ISL_00001231,A/Synthetic_cat/SYN/001231/2022,A_/_H5N1,mammal,759
SYNTH0001232,SYNTH_ISL_00001232,A/Synthetic_cat/SYN/001232/2024,A_/_H5N1,mammal,759
SYNTH0001233,SYNTH_ISL_00001233,A/Synthetic_swine/SYN/001233/2024,A_/_H5N1,mammal,759
SYNTH0001234,SYNTH_ISL_00001234,A/Synthetic_cat/SYN/001234/2021,A_/_H5N1,mammal,759
SYNTH0001235,SYNTH_ISL_00001235,A/Synthetic_cat/SYN/001235/2022,A_/_H5N1,mammal,759
SYNTH0001236,SYNTH_ISL_00001236,A/Synthetic_cat/SYN/001236/2022,A_/_H5N1,mammal,759
SYNTH0001237,SYNTH_ISL_00001237,A/Synthetic_cat/SYN/001237/2024,A_/_H5N1,mammal,759
SYNTH0001238,SYNTH_ISL_00001238,A/Synthetic_cat/SYN/001238/2023,A_/_H5N1,mammal,759
SYNTH0001239,SYNTH_ISL_00001239,A/Synthetic_dairy_cow/SYN/001239/2025,A_/_H5N1,mammal,759
SYNTH0001240,SYNTH_ISL_00001240,A/Synthetic_dairy_cow/SYN/001240/2024,A_/_H5N1,mammal,759
SYNTH0001241,SYNTH_ISL_00001241,A/Synthetic_swine/SYN/001241/2025,A_/_H5N1,mammal,759
SYNTH0001242,SYNTH_ISL_00001242,A/Synthetic_dairy_cow/SYN/001242/2023,A_/_H5N1,mammal,759
SYNTH0001243,SYNTH_ISL_00001243,A/Synthetic_dairy_cow/SYN/001243/2023,A_/_H5N1,mammal,759
SYNTH0001244,SYNTH_ISL_00001244,A/Synthetic_swine/SYN/001244/2024,A_/_H5N1,mammal,759
SYNTH0001245,SYNTH_ISL_00001245,A/Synthetic_swine/SYN/001245/2023,A_/_H5N1,mammal,759
SYNTH0001246,SYNTH_ISL_00001246,A/Synthetic_swine/SYN/001246/2024,A_/_H5N1,mammal,759
SYNTH0001247,SYNTH_ISL_00001247,A/Synthetic_swine/SYN/001247/2021,A_/_H5N1,mammal,759
SYNTH0001248,SYNTH_ISL_00001248,A/Synthetic_cat/SYN/001248/2025,A_/_H5N1,mammal,759
SYNTH0001249,SYNTH_ISL_00001249,A/Synthetic_dairy_cow/SYN/001249/2024,A_/_H5N1,mammal,759
SYNTH0001250,SYNTH_ISL_00001250,A/Synthetic_cat/SYN/001250/2021,A_/_H5N1,mammal,759
SYNTH0001251,SYNTH_ISL_00001251,A/Synthetic_swine/SYN/001251/2025,A_/_H5N1,mammal,759
SYNTH0001252,SYNTH_ISL_00001252,A/Synthetic_dairy_cow/SYN/001252/2022,A_/_H5N1,mammal,759
SYNTH0001253,SYNTH_ISL_00001253,A/Synthetic_dairy_cow/SYN/001253/2023,A_/_H5N1,mammal,759
SYNTH0001254,SYNTH_ISL_00001254,A/Synthetic_cat/SYN/001254/2024,A_/_H5N1,mammal,759
SYNTH0001255,SYNTH_ISL_00001255,A/Synthetic_cat/SYN/001255/2022,A_/_H5N1,mammal,759
SYNTH0001256,SYNTH_ISL_00001256,A/Synthetic_swine/SYN/001256/2023,A_/_H5N1,mammal,759
SYNTH0001257,SYNTH_ISL_00001257,A/Synthetic_dairy_cow/SYN/001257/2023,A_/_H5N1,mammal,759
SYNTH0001258,SYNTH_ISL_00001258,A/Synthetic_dairy_cow/SYN/001258/2024,A_/_H5N1,mammal,759
SYNTH0001259,SYNTH_ISL_00001259,A/Synthetic_dairy_cow/SYN/001259/2025,A_/_H5N1,mammal,759
SYNTH0001260,SYNTH_ISL_00001260,A/Synthetic_swine/SYN/001260/2021,A_/_H5N1,mammal,759
SYNTH0001261,SYNTH_ISL_00001261,A/Synthetic_swine/SYN/001261/2024,A_/_H5N1,mammal,759
SYNTH0001262,SYNTH_ISL_00001262,A/Synthetic_swine/SYN/001262/2024,A_/_H5N1,mammal,666
SYNTH0001263,SYNTH_ISL_00001263,A/Synthetic_dairy_cow/SYN/001263/2023,A_/_H5N1,mammal,759
SYNTH0001264,SYNTH_ISL_00001264,A/Synthetic_swine/SYN/001264/2025,A_/_H5N1,mammal,759
SYNTH0001265,SYNTH_ISL_00001265,A/Synthetic_cat/SYN/001265/2021,A_/_H5N1,mammal,759
SYNTH0001266,SYNTH_ISL_00001266,A/Synthetic_dairy_cow/SYN/001266/2022,A_/_H5N1,mammal,759
SYNTH0001267,SYNTH_ISL_00001267,A/Synthetic_swine/SYN/001267/2023,A_/_H5N1,mammal,759
SYNTH0001268,SYNTH_ISL_00001268,A/Synthetic_swine/SYN/001268/2025,A_/_H5N1,mammal,759
SYNTH0001269,SYNTH_ISL_00001269,A/Synthetic_dairy_cow/SYN/001269/2021,A_/_H5N1,mammal,759
SYNTH0001270,SYNTH_ISL_00001270,A/Synthetic_swine/SYN/001270/2023,A_/_H5N1,mammal,759
SYNTH0001271,SYNTH_ISL_00001271,A/Synthetic_cat/SYN/001271/2025,A_/_H5N1,mammal,759
SYNTH0001272,SYNTH_ISL_00001272,A/Synthetic_swine/SYN/001272/2022,A_/_H5N1,mammal,759
SYNTH0001273,SYNTH_ISL_00001273,A/Synthetic_swine/SYN/001273/2023,A_/_H5N1,mammal,759
SYNTH0001274,SYNTH_ISL_00001274,A/Synthetic_dairy_cow/SYN/001274/2024,A_/_H5N1,mammal,349
SYNTH0001275,SYNTH_ISL_00001275,A/Synthetic_cat/SYN/001275/2022,A_/_H5N1,mammal,759
SYNTH0001276,SYNTH_ISL_00001276,A/Synthetic_dairy_cow/SYN/001276/2025,A_/_H5N1,mammal,759
SYNTH0001277,SYNTH_ISL_00001277,A/Synthetic_dairy_cow/SYN/001277/2023,A_/_H5N1,mammal,759
SYNTH0001278,SYNTH_ISL_00001278,A/Synthetic_dairy_cow/SYN/001278/2024,A_/_H5N1,mammal,759
SYNTH0001279,SYNTH_ISL_00001279,A/Synthetic_swine/SYN/001279/2025,A_/_H5N1,mammal,759
SYNTH0001280,SYNTH_ISL_00001280,A/Synthetic_cat/SYN/001280/2021,A_/_H5N1,mammal,759
SYNTH0001281,SYNTH_ISL_00001281,A/Synthetic_cat/SYN/001281/2021,A_/_H5N1,mammal,759
SYNTH0001282,SYNTH_ISL_00001282,A/Synthetic_dairy_cow/SYN/001282/2024,A_/_H5N1,mammal,759
SYNTH0001283,SYNTH_ISL_00001283,A/Synthetic_dairy_cow/SYN/001283/2025,A_/_H5N1,mammal,759
SYNTH0001284,SYNTH_ISL_00001284,A/Synthetic_cat/SYN/001284/2022,A_/_H5N1,mammal,759
SYNTH0001285,SYNTH_ISL_00001285,A/Synthetic_cat/SYN/001285/2021,A_/_H5N1,mammal,759
SYNTH0001286,SYNTH_ISL_00001286,A/Synthetic_cat/SYN/001286/2021,A_/_H5N1,mammal,759
SYNTH0001287,SYNTH_ISL_00001287,A/Synthetic_swine/SYN/001287/2025,A_/_H5N1,mammal,759
SYNTH0001288,SYNTH_ISL_00001288,A/Synthetic_dairy_cow/SYN/001288/2024,A_/_H5N1,mammal,759
SYNTH0001289,SYNTH_ISL_00001289,A/Synthetic_dairy_cow/SYN/001289/2025,A_/_H5N1,mammal,759
SYNTH0001290,SYNTH_ISL_00001290,A/Synthetic_dairy_cow/SYN/001290/2023,A_/_H5N1,mammal,759
SYNTH0001291,SYNTH_ISL_00001291,A/Synthetic_dairy_cow/SYN/001291/2024,A_/_H5N1,mammal,759
SYNTH0001292,SYNTH_ISL_00001292,A/Synthetic_dairy_cow/SYN/001292/2023,A_/_H5N1,mammal,759
SYNTH0001293,SYNTH_ISL_00001293,A/Synthetic_dairy_cow/SYN/001293/2023,A_/_H5N1,mammal,759
SYNTH0001294,SYNTH_ISL_00001294,A/Synthetic_swine/SYN/001294/2022,A_/_H5N1,mammal,759
SYNTH0001295,SYNTH_ISL_00001295,A/Synthetic_swine/SYN/001295/2022,A_/_H5N1,mammal,759
SYNTH0001296,SYNTH_ISL_00001296,A/Synthetic_swine/SYN/001296/2023,A_/_H5N1,mammal,759
SYNTH0001297,SYNTH_ISL_00001297,A/Synthetic_dairy_cow/SYN/001297/2021,A_/_H5N1,mammal,759
SYNTH0001298,SYNTH_ISL_00001298,A/Synthetic_cat/SYN/001298/2024,A_/_H5N1,mammal,759
SYNTH0001299,SYNTH_ISL_00001299,A/Synthetic_dairy_cow/SYN/001299/2025,A_/_H5N1,mammal,759
SYNTH0001300,SYNTH_ISL_00001300,A/Synthetic_cat/SYN/001300/2021,A_/_H5N1,mammal,759
SYNTH0001301,SYNTH_ISL_00001301,A/Synthetic_cat/SYN/001301/2022,A_/_H5N1,mammal,759
SYNTH0001302,SYNTH_ISL_00001302,A/Synthetic_swine/SYN/001302/2023,A_/_H5N1,mammal,759
SYNTH0001303,SYNTH_ISL_00001303,A/Synthetic_dairy_cow/SYN/001303/2022,A_/_H5N1,mammal,759
SYNTH0001304,SYNTH_ISL_00001304,A/Synthetic_swine/SYN/001304/2023,A_/_H5N1,mammal,759
SYNTH0001305,SYNTH_ISL_00001305,A/Synthetic_swine/SYN/001305/2024,A_/_H5N1,mammal,759
SYNTH0001306,SYNTH_ISL_00001306,A/Synthetic_dairy_cow/SYN/001306/2021,A_/_H5N1,mammal,261
SYNTH0001307,SYNTH_ISL_00001307,A/Synthetic_cat/SYN/001307/2022,A_/_H5N1,mammal,759
SYNTH0001308,SYNTH_ISL_00001308,A/Synthetic_swine/SYN/001308/2025,A_/_H5N1,mammal,759
SYNTH0001309,SYNTH_ISL_00001309,A/Synthetic_cat/SYN/001309/2021,A_/_H5N1,mammal,759
SYNTH0001310,SYNTH_ISL_00001310,A/Synthetic_swine/SYN/001310/2022,A_/_H5N1,mammal,759
SYNTH0001311,SYNTH_ISL_00001311,A/Synthetic_swine/SYN/001311/2024,A_/_H5N1,mammal,759
SYNTH0001312,SYNTH_ISL_00001312,A/Synthetic_swine/SYN/001312/2024,A_/_H5N1,mammal,759
SYNTH0001313,SYNTH_ISL_00001313,A/Synthetic_cat/SYN/001313/2022,A_/_H5N1,mammal,759
SYNTH0001314,SYNTH_ISL_00001314,A/Synthetic_cat/SYN/001314/2021,A_/_H5N1,mammal,759
SYNTH0001315,SYNTH_ISL_00001315,A/Synthetic_dairy_cow/SYN/001315/2021,A_/_H5N1,mammal,759
SYNTH0001316,SYNTH_ISL_00001316,A/Synthetic_cat/SYN/001316/2024,A_/_H5N1,mammal,759
SYNTH0001317,SYNTH_ISL_00001317,A/Synthetic_cat/SYN/001317/2024,A_/_H5N1,mammal,759
SYNTH0001318,SYNTH_ISL_00001318,A/Synthetic_swine/SYN/001318/2023,A_/_H5N1,mammal,759
SYNTH0001319,SYNTH_ISL_00001319,A/Synthetic_cat/SYN/001319/2022,A_/_H5N1,mammal,759
SYNTH0001320,SYNTH_ISL_00001320,A/Synthetic_swine/SYN/001320/2021,A_/_H5N1,mammal,759
SYNTH0001321,SYNTH_ISL_00001321,A/Synthetic_swine/SYN/001321/2021,A_/_H5N1,mammal,759
SYNTH0001322,SYNTH_ISL_00001322,A/Synthetic_cat/SYN/001322/2023,A_/_H5N1,mammal,657
SYNTH0001323,SYNTH_ISL_00001323,A/Synthetic_cat/SYN/001323/2025,A_/_H5N1,mammal,759
SYNTH0001324,SYNTH_ISL_00001324,A/Synthetic_dairy_cow/SYN/001324/2023,A_/_H5N1,mammal,759
SYNTH0001325,SYNTH_ISL_00001325,A/Synthetic_cat/SYN/001325/2025,A_/_H5N1,mammal,759
SYNTH0001326,SYNTH_ISL_00001326,A/Synthetic_cat/SYN/001326/2022,A_/_H5N1,mammal,759
SYNTH0001327,SYNTH_ISL_00001327,A/Synthetic_cat/SYN/001327/2024,A_/_H5N1,mammal,759
SYNTH0001328,SYNTH_ISL_00001328,A/Synthetic_cat/SYN/001328/2025,A_/_H5N1,mammal,759
SYNTH0001329,SYNTH_ISL_00001329,A/Synthetic_cat/SYN/001329/2022,A_/_H5N1,mammal,759
SYNTH0001330,SYNTH_ISL_00001330,A/Synthetic_swine/SYN/001330/2024,A_/_H5N1,mammal,759
SYNTH0001331,SYNTH_ISL_00001331,A/Synthetic_dairy_cow/SYN/001331/2024,A_/_H5N1,mammal,759
SYNTH0001332,SYNTH_ISL_00001332,A/Synthetic_swine/SYN/001332/2023,A_/_H5N1,mammal,759
SYNTH0001333,SYNTH_ISL_00001333,A/Synthetic_dairy_cow/SYN/001333/2025,A_/_H5N1,mammal,759
SYNTH0001334,SYNTH_ISL_00001334,A/Synthetic_swine/SYN/001334/2022,A_/_H5N1,mammal,759
SYNTH0001335,SYNTH_ISL_00001335,A/Synthetic_swine/SYN/001335/2025,A_/_H5N1,mammal,759
SYNTH0001336,SYNTH_ISL_00001336,A/Synthetic_swine/SYN/001336/2024,A_/_H5N1,mammal,759
SYNTH0001337,SYNTH_ISL_00001337,A/Synthetic_swine/SYN/001337/2021,A_/_H5N1,mammal,759
SYNTH0001338,SYNTH_ISL_00001338,A/Synthetic_swine/SYN/001338/2021,A_/_H5N1,mammal,759
SYNTH0001339,SYNTH_ISL_00001339,A/Synthetic_dairy_cow/SYN/001339/2021,A_/_H5N1,mammal,759
SYNTH0001340,SYNTH_ISL_00001340,A/Synthetic_cat/SYN/001340/2023,A_/_H5N1,mammal,759
SYNTH0001341,SYNTH_ISL_00001341,A/Synthetic_cat/SYN/001341/2022,A_/_H5N1,mammal,759
SYNTH0001342,SYNTH_ISL_00001342,A/Synthetic_swine/SYN/001342/2023,A_/_H5N1,mammal,759
SYNTH0001343,SYNTH_ISL_00001343,A/Synthetic_dairy_cow/SYN/001343/2022,A_/_H5N1,mammal,759
SYNTH0001344,SYNTH_ISL_00001344,A/Synthetic_swine/SYN/001344/2025,A_/_H5N1,mammal,759
SYNTH0001345,SYNTH_ISL_00001345,A/Synthetic_cat/SYN/001345/2024,A_/_H5N1,mammal,759
SYNTH0001346,SYNTH_ISL_00001346,A/Synthetic_swine/SYN/001346/2024,A_/_H5N1,mammal,759
SYNTH0001347,SYNTH_ISL_00001347,A/Synthetic_cat/SYN/001347/2022,A_/_H5N1,mammal,483
SYNTH0001348,SYNTH_ISL_00001348,A/Synthetic_cat/SYN/001348/2023,A_/_H5N1,mammal,759
SYNTH0001349,SYNTH_ISL_00001349,A/Synthetic_swine/SYN/001349/2021,A_/_H5N1,mammal,759
SYNTH0001350,SYNTH_ISL_00001350,A/Synthetic_dairy_cow/SYN/001350/2024,A_/_H5N1,mammal,759
SYNTH0001351,SYNTH_ISL_00001351,A/Synthetic_cat/SYN/001351/2024,A_/_H5N1,mammal,759
SYNTH0001352,SYNTH_ISL_00001352,A/Synthetic_cat/SYN/001352/2022,A_/_H5N1,mammal,759
SYNTH0001353,SYNTH_ISL_00001353,A/Synthetic_swine/SYN/001353/2022,A_/_H5N1,mammal,759
SYNTH0001354,SYNTH_ISL_00001354,A/Synthetic_dairy_cow/SYN/001354/2023,A_/_H5N1,mammal,759
SYNTH0001355,SYNTH_ISL_00001355,A/Synthetic_swine/SYN/001355/2021,A_/_H5N1,mammal,759
SYNTH0001356,SYNTH_ISL_00001356,A/Synthetic_cat/SYN/001356/2025,A_/_H5N1,mammal,759
SYNTH0001357,SYNTH_ISL_00001357,A/Synthetic_swine/SYN/001357/2024,A_/_H5N1,mammal,759
SYNTH0001358,SYNTH_ISL_00001358,A/Synthetic_cat/SYN/001358/2022,A_/_H5N1,mammal,759
SYNTH0001359,SYNTH_ISL_00001359,A/Synthetic_dairy_cow/SYN/001359/2025,A_/_H5N1,mammal,759
SYNTH0001360,SYNTH_ISL_00001360,A/Synthetic_cat/SYN/001360/2024,A_/_H5N1,mammal,759
SYNTH0001361,SYNTH_ISL_00001361,A/Synthetic_swine/SYN/001361/2025,A_/_H5N1,mammal,759
SYNTH0001362,SYNTH_ISL_00001362,A/Synthetic_dairy_cow/SYN/001362/2025,A_/_H5N1,mammal,759
SYNTH0001363,SYNTH_ISL_00001363,A/Synthetic_dairy_cow/SYN/001363/2021,A_/_H5N1,mammal,759
SYNTH0001364,SYNTH_ISL_00001364,A/Synthetic_cat/SYN/001364/2025,A_/_H5N1,mammal,759
SYNTH0001365,SYNTH_ISL_00001365,A/Synthetic_cat/SYN/001365/2024,A_/_H5N1,mammal,759
SYNTH0001366,SYNTH_ISL_00001366,A/Synthetic_cat/SYN/001366/2022,A_/_H5N1,mammal,759
SYNTH0001367,SYNTH_ISL_00001367,A/Synthetic_swine/SYN/001367/2023,A_/_H5N1,mammal,759
SYNTH0001368,SYNTH_ISL_00001368,A/Synthetic_dairy_cow/SYN/001368/2022,A_/_H5N1,mammal,759
SYNTH0001369,SYNTH_ISL_00001369,A/Synthetic_cat/SYN/001369/2025,A_/_H5N1,mammal,759
SYNTH0001370,SYNTH_ISL_00001370,A/Synthetic_cat/SYN/001370/2025,A_/_H5N1,mammal,759
SYNTH0001371,SYNTH_ISL_00001371,A/Synthetic_cat/SYN/001371/2025,A_/_H5N1,mammal,759
SYNTH0001372,SYNTH_ISL_00001372,A/Synthetic_dairy_cow/SYN/001372/2022,A_/_H5N1,mammal,759
SYNTH0001373,SYNTH_ISL_00001373,A/Synthetic_swine/SYN/001373/2023,A_/_H5N1,mammal,759
SYNTH0001374,SYNTH_ISL_00001374,A/Synthetic_dairy_cow/SYN/001374/2022,A_/_H5N1,mammal,759
SYNTH0001375,SYNTH_ISL_00001375,A/Synthetic_cat/SYN/001375/2023,A_/_H5N1,mammal,759
SYNTH0001376,SYNTH_ISL_00001376,A/Synthetic_swine/SYN/001376/2025,A_/_H5N1,mammal,759
SYNTH0001377,SYNTH_ISL_00001377,A/Synthetic_cat/SYN/001377/2024,A_/_H5N1,mammal,759
SYNTH0001378,SYNTH_ISL_00001378,A/Synthetic_cat/SYN/001378/2023,A_/_H5N1,mammal,759
SYNTH0001379,SYNTH_ISL_00001379,A/Synthetic_swine/SYN/001379/2021,A_/_H5N1,mammal,759
SYNTH0001380,SYNTH_ISL_00001380,A/Synthetic_dairy_cow/SYN/001380/2024,A_/_H5N1,mammal,759
SYNTH0001381,SYNTH_ISL_00001381,A/Synthetic_cat/SYN/001381/2021,A_/_H5N1,mammal,759
SYNTH0001382,SYNTH_ISL_00001382,A/Synthetic_dairy_cow/SYN/001382/2023,A_/_H5N1,mammal,759
SYNTH0001383,SYNTH_ISL_00001383,A/Synthetic_dairy_cow/SYN/001383/2021,A_/_H5N1,mammal,759
SYNTH0001384,SYNTH_ISL_00001384,A/Synthetic_swine/SYN/001384/2022,A_/_H5N1,mammal,759
SYNTH0001385,SYNTH_ISL_00001385,A/Synthetic_dairy_cow/SYN/001385/2023,A_/_H5N1,mammal,759
SYNTH0001386,SYNTH_ISL_00001386,A/Synthetic_dairy_cow/SYN/001386/2025,A_/_H5N1,mammal,759
SYNTH0001387,SYNTH_ISL_00001387,A/Synthetic_cat/SYN/001387/2025,A_/_H5N1,mammal,759
SYNTH0001388,SYNTH_ISL_00001388,A/Synthetic_cat/SYN/001388/2025,A_/_H5N1,mammal,759
SYNTH0001389,SYNTH_ISL_00001389,A/Synthetic_cat/SYN/001389/2023,A_/_H5N1,mammal,759
SYNTH0001390,SYNTH_ISL_00001390,A/Synthetic_dairy_cow/SYN/001390/2024,A_/_H5N1,mammal,759
SYNTH0001391,SYNTH_ISL_00001391,A/Synthetic_cat/SYN/001391/2023,A_/_H5N1,mammal,759
SYNTH0001392,SYNTH_ISL_00001392,A/Synthetic_dairy_cow/SYN/001392/2021,A_/_H5N1,mammal,759
SYNTH0001393,SYNTH_ISL_00001393,A/Synthetic_dairy_cow/SYN/001393/2025,A_/_H5N1,mammal,759
SYNTH0001394,SYNTH_ISL_00001394,A/Synthetic_swine/SYN/001394/2022,A_/_H5N1,mammal,759
SYNTH0001395,SYNTH_ISL_00001395,A/Synthetic_cat/SYN/001395/2023,A_/_H5N1,mammal,759
SYNTH0001396,SYNTH_ISL_00001396,A/Synthetic_cat/SYN/001396/2025,A_/_H5N1,mammal,759
SYNTH0001397,SYNTH_ISL_00001397,A/Synthetic_cat/SYN/001397/2022,A_/_H5N1,mammal,759
SYNTH0001398,SYNTH_ISL_00001398,A/Synthetic_dairy_cow/SYN/001398/2021,A_/_H5N1,mammal,759
SYNTH0001399,SYNTH_ISL_00001399,A/Synthetic_dairy_cow/SYN/001399/2025,A_/_H5N1,mammal,759
SYNTH0001400,SYNTH_ISL_00001400,A/Synthetic_dairy_cow/SYN/001400/2024,A_/_H5N1,mammal,759
SYNTH0001401,SYNTH_ISL_00001401,A/Synthetic_swine/SYN/001401/2022,A_/_H5N1,mammal,759
SYNTH0001402,SYNTH_ISL_00001402,A/Synthetic_swine/SYN/001402/2021,A_/_H5N1,mammal,759
SYNTH0001403,SYNTH_ISL_00001403,A/Synthetic_cat/SYN/001403/2022,A_/_H5N1,mammal,759
SYNTH0001404,SYNTH_ISL_00001404,A/Synthetic_swine/SYN/001404/2025,A_/_H5N1,mammal,759
SYNTH0001405,SYNTH_ISL_00001405,A/Synthetic_cat/SYN/001405/2025,A_/_H5N1,mammal,759
SYNTH0001406,SYNTH_ISL_00001406,A/Synthetic_swine/SYN/001406/2024,A_/_H5N1,mammal,759
SYNTH0001407,SYNTH_ISL_00001407,A/Synthetic_cat/SYN/001407/2023,A_/_H5N1,mammal,759
SYNTH0001408,SYNTH_ISL_00001408,A/Synthetic_cat/SYN/001408/2023,A_/_H5N1,mammal,759
SYNTH0001409,SYNTH_ISL_00001409,A/Synthetic_dairy_cow/SYN/001409/2025,A_/_H5N1,mammal,759
SYNTH0001410,SYNTH_ISL_00001410,A/Synthetic_cat/SYN/001410/2022,A_/_H5N1,mammal,759
SYNTH0001411,SYNTH_ISL_00001411,A/Synthetic_cat/SYN/001411/2024,A_/_H5N1,mammal,759
SYNTH0001412,SYNTH_ISL_00001412,A/Synthetic_dairy_cow/SYN/001412/2022,A_/_H5N1,mammal,759
SYNTH0001413,SYNTH_ISL_00001413,A/Synthetic_swine/SYN/001413/2023,A_/_H5N1,mammal,759
SYNTH0001414,SYNTH_ISL_00001414,A/Synthetic_cat/SYN/001414/2025,A_/_H5N1,mammal,759
SYNTH0001415,SYNTH_ISL_00001415,A/Synthetic_cat/SYN/001415/2021,A_/_H5N1,mammal,759
SYNTH0001416,SYNTH_ISL_00001416,A/Synthetic_swine/SYN/001416/2024,A_/_H5N1,mammal,759
SYNTH0001417,SYNTH_ISL_00001417,A/Synthetic_cat/SYN/001417/2025,A_/_H5N1,mammal,759
SYNTH0001418,SYNTH_ISL_00001418,A/Synthetic_dairy_cow/SYN/001418/2021,A_/_H5N1,mammal,759
SYNTH0001419,SYNTH_ISL_00001419,A/Synthetic_swine/SYN/001419/2024,A_/_H5N1,mammal,759
SYNTH0001420,SYNTH_ISL_00001420,A/Synthetic_dairy_cow/SYN/001420/2024,A_/_H5N1,mammal,759
SYNTH0001421,SYNTH_ISL_00001421,A/Synthetic_cat/SYN/001421/2023,A_/_H5N1,mammal,649
SYNTH0001422,SYNTH_ISL_00001422,A/Synthetic_swine/SYN/001422/2025,A_/_H5N1,mammal,759
SYNTH0001423,SYNTH_ISL_00001423,A/Synthetic_swine/SYN/001423/2024,A_/_H5N1,mammal,759
SYNTH0001424,SYNTH_ISL_00001424,A/Synthetic_cat/SYN/001424/2022,A_/_H5N1,mammal,759
SYNTH0001425,SYNTH_ISL_00001425,A/Synthetic_dairy_cow/SYN/001425/2021,A_/_H5N1,mammal,759
SYNTH0001426,SYNTH_ISL_00001426,A/Synthetic_cat/SYN/001426/2025,A_/_H5N1,mammal,187
SYNTH0001427,SYNTH_ISL_00001427,A/Synthetic_dairy_cow/SYN/001427/2022,A_/_H5N1,mammal,759
SYNTH0001428,SYNTH_ISL_00001428,A/Synthetic_swine/SYN/001428/2021,A_/_H5N1,mammal,759
SYNTH0001429,SYNTH_ISL_00001429,A/Synthetic_cat/SYN/001429/2024,A_/_H5N1,mammal,759
SYNTH0001430,SYNTH_ISL_00001430,A/Synthetic_dairy_cow/SYN/001430/2022,A_/_H5N1,mammal,459
SYNTH0001431,SYNTH_ISL_00001431,A/Synthetic_dairy_cow/SYN/001431/2021,A_/_H5N1,mammal,759
SYNTH0001432,SYNTH_ISL_00001432,A/Synthetic_dairy_cow/SYN/001432/2023,A_/_H5N1,mammal,759
SYNTH0001433,SYNTH_ISL_00001433,A/Synthetic_cat/SYN/001433/2022,A_/_H5N1,mammal,759
SYNTH0001434,SYNTH_ISL_00001434,A/Synthetic_swine/SYN/001434/2024,A_/_H5N1,mammal,759
SYNTH0001435,SYNTH_ISL_00001435,A/Synthetic_swine/SYN/001435/2024,A_/_H5N1,mammal,759
SYNTH0001436,SYNTH_ISL_00001436,A/Synthetic_swine/SYN/001436/2021,A_/_H5N1,mammal,759
SYNTH0001437,SYNTH_ISL_00001437,A/Synthetic_cat/SYN/001437/2025,A_/_H5N1,mammal,759
SYNTH0001438,SYNTH_ISL_00001438,A/Synthetic_cat/SYN/001438/2025,A_/_H5N1,mammal,759
SYNTH0001439,SYNTH_ISL_00001439,A/Synthetic_dairy_cow/SYN/001439/2023,A_/_H5N1,mammal,759
SYNTH0001440,SYNTH_ISL_00001440,A/Synthetic_dairy_cow/SYN/001440/2023,A_/_H5N1,mammal,759
SYNTH0001441,SYNTH_ISL_00001441,A/Synthetic_swine/SYN/001441/2025,A_/_H5N1,mammal,759
SYNTH0001442,SYNTH_ISL_00001442,A/Synthetic_swine/SYN/001442/2024,A_/_H5N1,mammal,759
SYNTH0001443,SYNTH_ISL_00001443,A/Synthetic_cat/SYN/001443/2021,A_/_H5N1,mammal,759
SYNTH0001444,SYNTH_ISL_00001444,A/Synthetic_cat/SYN/001444/2022,A_/_H5N1,mammal,759
SYNTH0001445,SYNTH_ISL_00001445,A/Synthetic_swine/SYN/001445/2025,A_/_H5N1,mammal,759
SYNTH0001446,SYNTH_ISL_00001446,A/Synthetic_cat/SYN/001446/2022,A_/_H5N1,mammal,759
SYNTH0001447,SYNTH_ISL_00001447,A/Synthetic_cat/SYN/001447/2023,A_/_H5N1,mammal,759
SYNTH0001448,SYNTH_ISL_00001448,A/Synthetic_dairy_cow/SYN/001448/2025,A_/_H5N1,mammal,759
SYNTH0001449,SYNTH_ISL_00001449,A/Synthetic_dairy_cow/SYN/001449/2021,A_/_H5N1,mammal,759
SYNTH0001450,SYNTH_ISL_00001450,A/Synthetic_cat/SYN/001450/2025,A_/_H5N1,mammal,759
SYNTH0001451,SYNTH_ISL_00001451,A/Synthetic_cat/SYN/001451/2021,A_/_H5N1,mammal,759
SYNTH0001452,SYNTH_ISL_00001452,A/Synthetic_cat/SYN/001452/2023,A_/_H5N1,mammal,759
SYNTH0001453,SYNTH_ISL_00001453,A/Synthetic_cat/SYN/001453/2025,A_/_H5N1,mammal,759
SYNTH0001454,SYNTH_ISL_00001454,A/Synthetic_dairy_cow/SYN/001454/2022,A_/_H5N1,mammal,759
SYNTH0001455,SYNTH_ISL_00001455,A/Synthetic_swine/SYN/001455/2022,A_/_H5N1,mammal,759
SYNTH0001456,SYNTH_ISL_00001456,A/Synthetic_cat/SYN/001456/2025,A_/_H5N1,mammal,759
SYNTH0001457,SYNTH_ISL_00001457,A/Synthetic_cat/SYN/001457/2024,A_/_H5N1,mammal,759
SYNTH0001458,SYNTH_ISL_00001458,A/Synthetic_dairy_cow/SYN/001458/2023,A_/_H5N1,mammal,759
SYNTH0001459,SYNTH_ISL_00001459,A/Synthetic_swine/SYN/001459/2021,A_/_H5N1,mammal,759
SYNTH0001460,SYNTH_ISL_00001460,A/Synthetic_cat/SYN/001460/2024,A_/_H5N1,mammal,759
SYNTH0001461,SYNTH_ISL_00001461,A/Synthetic_swine/SYN/001461/2022,A_/_H5N1,mammal,759
SYNTH0001462,SYNTH_ISL_00001462,A/Synthetic_dairy_cow/SYN/001462/2021,A_/_H5N1,mammal,759
SYNTH0001463,SYNTH_ISL_00001463,A/Synthetic_dairy_cow/SYN/001463/2022,A_/_H5N1,mammal,759
SYNTH0001464,SYNTH_ISL_00001464,A/Synthetic_swine/SYN/001464/2023,A_/_H5N1,mammal,759
SYNTH0001465,SYNTH_ISL_00001465,A/Synthetic_swine/SYN/001465/2025,A_/_H5N1,mammal,759
SYNTH0001466,SYNTH_ISL_00001466,A/Synthetic_cat/SYN/001466/2023,A_/_H5N1,mammal,759
SYNTH0001467,SYNTH_ISL_00001467,A/Synthetic_swine/SYN/001467/2022,A_/_H5N1,mammal,372
SYNTH0001468,SYNTH_ISL_00001468,A/Synthetic_dairy_cow/SYN/001468/2024,A_/_H5N1,mammal,759
SYNTH0001469,SYNTH_ISL_00001469,A/Synthetic_swine/SYN/001469/2022,A_/_H5N1,mammal,759
SYNTH0001470,SYNTH_ISL_00001470,A/Synthetic_swine/SYN/001470/2024,A_/_H5N1,mammal,759
SYNTH0001471,SYNTH_ISL_00001471,A/Synthetic_swine/SYN/001471/2023,A_/_H5N1,mammal,759
SYNTH0001472,SYNTH_ISL_00001472,A/Synthetic_dairy_cow/SYN/001472/2022,A_/_H5N1,mammal,759
SYNTH0001473,SYNTH_ISL_00001473,A/Synthetic_dairy_cow/SYN/001473/2023,A_/_H5N1,mammal,759
SYNTH0001474,SYNTH_ISL_00001474,A/Synthetic_dairy_cow/SYN/001474/2025,A_/_H5N1,mammal,759
SYNTH0001475,SYNTH_ISL_00001475,A/Synthetic_cat/SYN/001475/2021,A_/_H5N1,mammal,759
SYNTH0001476,SYNTH_ISL_00001476,A/Synthetic_dairy_cow/SYN/001476/2025,A_/_H5N1,mammal,759
SYNTH0001477,SYNTH_ISL_00001477,A/Synthetic_cat/SYN/001477/2025,A_/_H5N1,mammal,759
SYNTH0001478,SYNTH_ISL_00001478,A/Synthetic_cat/SYN/001478/2022,A_/_H5N1,mammal,759
SYNTH0001479,SYNTH_ISL_00001479,A/Synthetic_cat/SYN/001479/2023,A_/_H5N1,mammal,759
SYNTH0001480,SYNTH_ISL_00001480,A/Synthetic_cat/SYN/001480/2024,A_/_H5N1,mammal,759
SYNTH0001481,SYNTH_ISL_00001481,A/Synthetic_dairy_cow/SYN/001481/2023,A_/_H5N1,mammal,759
SYNTH0001482,SYNTH_ISL_00001482,A/Synthetic_cat/SYN/001482/2023,A_/_H5N1,mammal,759
SYNTH0001483,SYNTH_ISL_00001483,A/Synthetic_cat/SYN/001483/2025,A_/_H5N1,mammal,759
SYNTH0001484,SYNTH_ISL_00001484,A/Synthetic_swine/SYN/001484/2025,A_/_H5N1,mammal,364
SYNTH0001485,SYNTH_ISL_00001485,A/Synthetic_cat/SYN/001485/2022,A_/_H5N1,mammal,759
SYNTH0001486,SYNTH_ISL_00001486,A/Synthetic_dairy_cow/SYN/001486/2024,A_/_H5N1,mammal,759
SYNTH0001487,SYNTH_ISL_00001487,A/Synthetic_cat/SYN/001487/2025,A_/_H5N1,mammal,759
SYNTH0001488,SYNTH_ISL_00001488,A/Synthetic_dairy_cow/SYN/001488/2024,A_/_H5N1,mammal,759
SYNTH0001489,SYNTH_ISL_00001489,A/Synthetic_dairy_cow/SYN/001489/2022,A_/_H5N1,mammal,759
SYNTH0001490,SYNTH_ISL_00001490,A/Synthetic_dairy_cow/SYN/001490/2021,A_/_H5N1,mammal,759
SYNTH0001491,SYNTH_ISL_00001491,A/Synthetic_dairy_cow/SYN/001491/2021,A_/_H5N1,mammal,759
SYNTH0001492,SYNTH_ISL_00001492,A/Synthetic_cat/SYN/001492/2023,A_/_H5N1,mammal,759
SYNTH0001493,SYNTH_ISL_00001493,A/Synthetic_swine/SYN/001493/2021,A_/_H5N1,mammal,759
SYNTH0001494,SYNTH_ISL_00001494,A/Synthetic_cat/SYN/001494/2023,A_/_H5N1,mammal,759
SYNTH0001495,SYNTH_ISL_00001495,A/Synthetic_cat/SYN/001495/2023,A_/_H5N1,mammal,759
SYNTH0001496,SYNTH_ISL_00001496,A/Synthetic_swine/SYN/001496/2025,A_/_H5N1,mammal,759
SYNTH0001497,SYNTH_ISL_00001497,A/Synthetic_dairy_cow/SYN/001497/2024,A_/_H5N1,mammal,759
SYNTH0001498,SYNTH_ISL_00001498,A/Synthetic_swine/SYN/001498/2025,A_/_H5N1,mammal,759
SYNTH0001499,SYNTH_ISL_00001499,A/Synthetic_dairy_cow/SYN/001499/2025,A_/_H5N1,mammal,759
SYNTH0001500,SYNTH_ISL_00001500,A/Synthetic_dairy_cow/SYN/001500/2025,A_/_H5N1,mammal,759
SYNTH0001501,SYNTH_ISL_00001501,A/Synthetic_swine/SYN/001501/2024,A_/_H5N1,mammal,759
SYNTH0001502,SYNTH_ISL_00001502,A/Synthetic_cat/SYN/001502/2021,A_/_H5N1,mammal,759
SYNTH0001503,SYNTH_ISL_00001503,A/Synthetic_dairy_cow/SYN/001503/2024,A_/_H5N1,mammal,759
SYNTH0001504,SYNTH_ISL_00001504,A/Synthetic_dairy_cow/SYN/001504/2025,A_/_H5N1,mammal,759
SYNTH0001505,SYNTH_ISL_00001505,A/Synthetic_dairy_cow/SYN/001505/2022,A_/_H5N1,mammal,759
SYNTH0001506,SYNTH_ISL_00001506,A/Synthetic_swine/SYN/001506/2025,A_/_H5N1,mammal,759
SYNTH0001507,SYNTH_ISL_00001507,A/Synthetic_dairy_cow/SYN/001507/2022,A_/_H5N1,mammal,759
SYNTH0001508,SYNTH_ISL_00001508,A/Synthetic_swine/SYN/001508/2021,A_/_H5N1,mammal,759
SYNTH0001509,SYNTH_ISL_00001509,A/Synthetic_swine/SYN/001509/2024,A_/_H5N1,mammal,759
SYNTH0001510,SYNTH_ISL_00001510,A/Synthetic_dairy_cow/SYN/001510/2024,A_/_H5N1,mammal,164
SYNTH0001511,SYNTH_ISL_00001511,A/Synthetic_dairy_cow/SYN/001511/2025,A_/_H5N1,mammal,759
SYNTH0001512,SYNTH_ISL_00001512,A/Synthetic_dairy_cow/SYN/001512/2025,A_/_H5N1,mammal,759
SYNTH0001513,SYNTH_ISL_00001513,A/Synthetic_cat/SYN/001513/2022,A_/_H5N1,mammal,759
SYNTH0001514,SYNTH_ISL_00001514,A/Synthetic_swine/SYN/001514/2022,A_/_H5N1,mammal,759
SYNTH0001515,SYNTH_ISL_00001515,A/Synthetic_swine/SYN/001515/2025,A_/_H5N1,mammal,759
SYNTH0001516,SYNTH_ISL_00001516,A/Synthetic_cat/SYN/001516/2021,A_/_H5N1,mammal,759
SYNTH0001517,SYNTH_ISL_00001517,A/Synthetic_cat/SYN/001517/2023,A_/_H5N1,mammal,759
SYNTH0001518,SYNTH_ISL_00001518,A/Synthetic_dairy_cow/SYN/001518/2024,A_/_H5N1,mammal,759
SYNTH0001519,SYNTH_ISL_00001519,A/Synthetic_swine/SYN/001519/2024,A_/_H5N1,mammal,759
SYNTH0001520,SYNTH_ISL_00001520,A/Synthetic_swine/SYN/001520/2025,A_/_H5N1,mammal,759
SYNTH0001521,SYNTH_ISL_00001521,A/Synthetic_cat/SYN/001521/2022,A_/_H5N1,mammal,759
SYNTH0001522,SYNTH_ISL_00001522,A/Synthetic_cat/SYN/001522/2023,A_/_H5N1,mammal,759
SYNTH0001523,SYNTH_ISL_00001523,A/Synthetic_cat/SYN/001523/2023,A_/_H5N1,mammal,759
SYNTH0001524,SYNTH_ISL_00001524,A/Synthetic_cat/SYN/001524/2025,A_/_H5N1,mammal,759
SYNTH0001525,SYNTH_ISL_00001525,A/Synthetic_swine/SYN/001525/2024,A_/_H5N1,mammal,759
SYNTH0001526,SYNTH_ISL_00001526,A/Synthetic_dairy_cow/SYN/001526/2022,A_/_H5N1,mammal,759
SYNTH0001527,SYNTH_ISL_00001527,A/Synthetic_cat/SYN/001527/2024,A_/_H5N1,mammal,759
SYNTH0001528,SYNTH_ISL_00001528,A/Synthetic_cat/SYN/001528/2021,A_/_H5N1,mammal,759
SYNTH0001529,SYNTH_ISL_00001529,A/Synthetic_cat/SYN/001529/2025,A_/_H5N1,mammal,759
SYNTH0001530,SYNTH_ISL_00001530,A/Synthetic_cat/SYN/001530/2025,A_/_H5N1,mammal,759
SYNTH0001531,SYNTH_ISL_00001531,A/Synthetic_dairy_cow/SYN/001531/2024,A_/_H5N1,mammal,759
SYNTH0001532,SYNTH_ISL_00001532,A/Synthetic_cat/SYN/001532/2025,A_/_H5N1,mammal,759
SYNTH0001533,SYNTH_ISL_00001533,A/Synthetic_cat/SYN/001533/2024,A_/_H5N1,mammal,759
SYNTH0001534,SYNTH_ISL_00001534,A/Synthetic_swine/SYN/001534/2021,A_/_H5N1,mammal,759
SYNTH0001535,SYNTH_ISL_00001535,A/Synthetic_swine/SYN/001535/2022,A_/_H5N1,mammal,759
SYNTH0001536,SYNTH_ISL_00001536,A/Synthetic_swine/SYN/001536/2024,A_/_H5N1,mammal,759
SYNTH0001537,SYNTH_ISL_00001537,A/Synthetic_cat/SYN/001537/2025,A_/_H5N1,mammal,759
SYNTH0001538,SYNTH_ISL_00001538,A/Synthetic_dairy_cow/SYN/001538/2023,A_/_H5N1,mammal,759
SYNTH0001539,SYNTH_ISL_00001539,A/Synthetic_dairy_cow/SYN/001539/2021,A_/_H5N1,mammal,759
SYNTH0001540,SYNTH_ISL_00001540,A/Synthetic_cat/SYN/001540/2024,A_/_H5N1,mammal,759
SYNTH0001541,SYNTH_ISL_00001541,A/Synthetic_dairy_cow/SYN/001541/2021,A_/_H5N1,mammal,759
SYNTH0001542,SYNTH_ISL_00001542,A/Synthetic_dairy_cow/SYN/001542/2025,A_/_H5N1,mammal,330
SYNTH0001543,SYNTH_ISL_00001543,A/Synthetic_cat/SYN/001543/2023,A_/_H5N1,mammal,759
SYNTH0001544,SYNTH_ISL_00001544,A/Synthetic_dairy_cow/SYN/001544/2022,A_/_H5N1,mammal,759
SYNTH0001545,SYNTH_ISL_00001545,A/Synthetic_cat/SYN/001545/2023,A_/_H5N1,mammal,759
SYNTH0001546,SYNTH_ISL_00001546,A/Synthetic_cat/SYN/001546/2024,A_/_H5N1,mammal,759
SYNTH0001547,SYNTH_ISL_00001547,A/Synthetic_cat/SYN/001547/2023,A_/_H5N1,mammal,759
SYNTH0001548,SYNTH_ISL_00001548,A/Synthetic_swine/SYN/001548/2022,A_/_H5N1,mammal,759
SYNTH0001549,SYNTH_ISL_00001549,A/Synthetic_cat/SYN/001549/2024,A_/_H5N1,mammal,759
SYNTH0001550,SYNTH_ISL_00001550,A/Synthetic_cat/SYN/001550/2025,A_/_H5N1,mammal,759
SYNTH0001551,SYNTH_ISL_00001551,A/Synthetic_swine/SYN/001551/2025,A_/_H5N1,mammal,759
SYNTH0001552,SYNTH_ISL_00001552,A/Synthetic_cat/SYN/001552/2024,A_/_H5N1,mammal,759
SYNTH0001553,SYNTH_ISL_00001553,A/Synthetic_cat/SYN/001553/2021,A_/_H5N1,mammal,759
SYNTH0001554,SYNTH_ISL_00001554,A/Synthetic_swine/SYN/001554/2022,A_/_H5N1,mammal,759
SYNTH0001555,SYNTH_ISL_00001555,A/Synthetic_cat/SYN/001555/2024,A_/_H5N1,mammal,759
SYNTH0001556,SYNTH_ISL_00001556,A/Synthetic_cat/SYN/001556/2025,A_/_H5N1,mammal,759
SYNTH0001557,SYNTH_ISL_00001557,A/Synthetic_cat/SYN/001557/2021,A_/_H5N1,mammal,759
SYNTH0001558,SYNTH_ISL_00001558,A/Synthetic_cat/SYN/001558/2021,A_/_H5N1,mammal,759
SYNTH0001559,SYNTH_ISL_00001559,A/Synthetic_dairy_cow/SYN/001559/2024,A_/_H5N1,mammal,759
SYNTH0001560,SYNTH_ISL_00001560,A/Synthetic_swine/SYN/001560/2021,A_/_H5N1,mammal,759
SYNTH0001561,SYNTH_ISL_00001561,A/Synthetic_dairy_cow/SYN/001561/2023,A_/_H5N1,mammal,759
SYNTH0001562,SYNTH_ISL_00001562,A/Synthetic_dairy_cow/SYN/001562/2024,A_/_H5N1,mammal,759
SYNTH0001563,SYNTH_ISL_00001563,A/Synthetic_swine/SYN/001563/2025,A_/_H5N1,mammal,759
SYNTH0001564,SYNTH_ISL_00001564,A/Synthetic_swine/SYN/001564/2025,A_/_H5N1,mammal,759
SYNTH0001565,SYNTH_ISL_00001565,A/Synthetic_dairy_cow/SYN/001565/2024,A_/_H5N1,mammal,759
SYNTH0001566,SYNTH_ISL_00001566,A/Synthetic_dairy_cow/SYN/001566/2025,A_/_H5N1,mammal,759
SYNTH0001567,SYNTH_ISL_00001567,A/Synthetic_dairy_cow/SYN/001567/2025,A_/_H5N1,mammal,759
SYNTH0001568,SYNTH_ISL_00001568,A/Synthetic_cat/SYN/001568/2022,A_/_H5N1,mammal,759
SYNTH0001569,SYNTH_ISL_00001569,A/Synthetic_cat/SYN/001569/2021,A_/_H5N1,mammal,759
SYNTH0001570,SYNTH_ISL_00001570,A/Synthetic_cat/SYN/001570/2021,A_/_H5N1,mammal,759
SYNTH0001571,SYNTH_ISL_00001571,A/Synthetic_dairy_cow/SYN/001571/2023,A_/_H5N1,mammal,759
SYNTH0001572,SYNTH_ISL_00001572,A/Synthetic_swine/SYN/001572/2024,A_/_H5N1,mammal,759
SYNTH0001573,SYNTH_ISL_00001573,A/Synthetic_dairy_cow/SYN/001573/2025,A_/_H5N1,mammal,190
SYNTH0001574,SYNTH_ISL_00001574,A/Synthetic_dairy_cow/SYN/001574/2025,A_/_H5N1,mammal,759
SYNTH0001575,SYNTH_ISL_00001575,A/Synthetic_cat/SYN/001575/2025,A_/_H5N1,mammal,759
SYNTH0001576,SYNTH_ISL_00001576,A/Synthetic_swine/SYN/001576/2022,A_/_H5N1,mammal,759
SYNTH0001577,SYNTH_ISL_00001577,A/Synthetic_dairy_cow/SYN/001577/2024,A_/_H5N1,mammal,759
SYNTH0001578,SYNTH_ISL_00001578,A/Synthetic_cat/SYN/001578/2021,A_/_H5N1,mammal,759
SYNTH0001579,SYNTH_ISL_00001579,A/Synthetic_swine/SYN/001579/2025,A_/_H5N1,mammal,759
SYNTH0001580,SYNTH_ISL_00001580,A/Synthetic_dairy_cow/SYN/001580/2025,A_/_H5N1,mammal,759
SYNTH0001581,SYNTH_ISL_00001581,A/Synthetic_dairy_cow/SYN/001581/2025,A_/_H5N1,mammal,759
SYNTH0001582,SYNTH_ISL_00001582,A/Synthetic_cat/SYN/001582/2025,A_/_H5N1,mammal,759
SYNTH0001583,SYNTH_ISL_00001583,A/Synthetic_swine/SYN/001583/2024,A_/_H5N1,mammal,759
SYNTH0001584,SYNTH_ISL_00001584,A/Synthetic_dairy_cow/SYN/001584/2023,A_/_H5N1,mammal,759
SYNTH0001585,SYNTH_ISL_00001585,A/Synthetic_swine/SYN/001585/2024,A_/_H5N1,mammal,759
SYNTH0001586,SYNTH_ISL_00001586,A/Synthetic_dairy_cow/SYN/001586/2024,A_/_H5N1,mammal,759
SYNTH0001587,SYNTH_ISL_00001587,A/Synthetic_dairy_cow/SYN/001587/2024,A_/_H5N1,mammal,759
SYNTH0001588,SYNTH_ISL_00001588,A/Synthetic_dairy_cow/SYN/001588/2022,A_/_H5N1,mammal,759
SYNTH0001589,SYNTH_ISL_00001589,A/Synthetic_swine/SYN/001589/2023,A_/_H5N1,mammal,759
SYNTH0001590,SYNTH_ISL_00001590,A/Synthetic_dairy_cow/SYN/001590/2023,A_/_H5N1,mammal,759
SYNTH0001591,SYNTH_ISL_00001591,A/Synthetic_dairy_cow/SYN/001591/2024,A_/_H5N1,mammal,759
SYNTH0001592,SYNTH_ISL_00001592,A/Synthetic_swine/SYN/001592/2021,A_/_H5N1,mammal,759
SYNTH0001593,SYNTH_ISL_00001593,A/Synthetic_dairy_cow/SYN/001593/2024,A_/_H5N1,mammal,759
SYNTH0001594,SYNTH_ISL_00001594,A/Synthetic_dairy_cow/SYN/001594/2025,A_/_H5N1,mammal,759
SYNTH0001595,SYNTH_ISL_00001595,A/Synthetic_cat/SYN/001595/2022,A_/_H5N1,mammal,759
SYNTH0001596,SYNTH_ISL_00001596,A/Synthetic_dairy_cow/SYN/001596/2022,A_/_H5N1,mammal,759
SYNTH0001597,SYNTH_ISL_00001597,A/Synthetic_swine/SYN/001597/2022,A_/_H5N1,mammal,759
SYNTH0001598,SYNTH_ISL_00001598,A/Synthetic_dairy_cow/SYN/001598/2025,A_/_H5N1,mammal,759
SYNTH0001599,SYNTH_ISL_00001599,A/Synthetic_dairy_cow/SYN/001599/2021,A_/_H5N1,mammal,759
SYNTH0001600,SYNTH_ISL_00001600,A/Synthetic_cat/SYN/001600/2024,A_/_H5N1,mammal,759
SYNTH0001601,SYNTH_ISL_00001601,A/Synthetic_cat/SYN/001601/2021,A_/_H5N1,mammal,759
SYNTH0001602,SYNTH_ISL_00001602,A/Synthetic_swine/SYN/001602/2025,A_/_H5N1,mammal,759
